波长_nm,R_fraction,T_fraction,A_fraction,ln_T,OD_raw
480,0.82829815214114755,0.095517317349371869,0.076184530509480583,-2.3484477144331084,1.0199178834166027
480.11705685618728,0.82879308769294502,0.095219056517949263,0.075987855789105718,-2.3515751837089907,1.0212761260654402
480.23411371237461,0.82928303161745476,0.094924141084692049,0.075792827297853194,-2.3546772212624156,1.0226233238575493
480.35117056856188,0.82976802435586006,0.094632543759285231,0.075599431884854712,-2.3577538477149145,1.0239594857487473
480.46822742474916,0.83024810586231113,0.094344237599938666,0.075407656537750209,-2.3608050837551455,1.0252846207240038
480.58528428093643,0.83072331560876211,0.094059196009796009,0.075217488381441877,-2.3638309501331083,1.0265987377949297
480.70234113712377,0.83119369258976905,0.093777392733372628,0.075028914676858321,-2.3668314676545803,1.027901845997359
480.81939799331104,0.83165927532723039,0.093498801853044752,0.074841922819724863,-2.3698066571755394,1.0291939543889279
480.93645484949832,0.83212010187508723,0.093223397785571066,0.074656500339341708,-2.3727565395967631,1.0304750720467288
481.05351170568559,0.83257620982396907,0.092951155278654871,0.074472634897376058,-2.3756811358585201,1.0317452080650047
481.17056856187293,0.83302754027080272,0.092682113329118118,0.074290346400079157,-2.3785797772489503,1.0330040720258848
481.2876254180602,0.83347409283758722,0.09241627198231378,0.074109635180098998,-2.3814522121342412,1.0342515546461932
481.40468227424748,0.833916040107331,0.092153516192773816,0.073930443699895182,-2.3842994383205496,1.0354880892676372
481.52173913043481,0.83435341782404815,0.091893822025166744,0.073752760150785107,-2.3871214768511777,1.0367136850292076
481.63879598662209,0.834786261291531,0.091637165858103317,0.073576572850365687,-2.389918348783608,1.037928351076052
481.75585284280936,0.8352146053777012,0.091383524380941494,0.073401870241357303,-2.3926900751847402,1.0391320965574093
481.87290969899664,0.83563848451891531,0.091132874590629506,0.073228640890455179,-2.3954366771262179,1.0403249306245779
481.98996655518397,0.83605793272421725,0.090885193788586338,0.073056873487196472,-2.3981581756798551,1.0415068624289301
482.10702341137124,0.83647298357954958,0.090640459577622845,0.072886556842827577,-2.4008545919131175,1.0426779011199503
482.22408026755852,0.83688367025190946,0.090398649858899033,0.072717679889191505,-2.4035259468847072,1.0438380558433167
482.3411371237458,0.83729002549346321,0.090159742828920059,0.072550231677616678,-2.4061722616402204,1.0449873357390151
482.45819397993313,0.83769208164561404,0.089923716976569007,0.072384201377816954,-2.4087935572078889,1.0461257499394909
482.5752508361204,0.83808987064301554,0.089690551080177261,0.072219578276807195,-2.4113898545944008,1.047253307567833
482.69230769230768,0.83848342401754372,0.089460224204635758,0.072056351777820521,-2.413961174780757,1.0483700177359738
482.80936454849495,0.83887277290222872,0.089232715698534318,0.071894511399236957,-2.4165075387182977,1.0494758895429652
482.92642140468229,0.83925794803512199,0.089008005191350298,0.07173404677352771,-2.4190289673246657,1.0505709320732239
483.04347826086956,0.83963897976313551,0.088786072590662415,0.071574947646202078,-2.4215254814799656,1.051655154394864
483.16053511705684,0.84001589804582599,0.088566898079407014,0.071417203874766993,-2.4239971020229283,1.0527285655580314
483.27759197324417,0.84038873245913281,0.088350462113169811,0.071260805427697374,-2.4264438497471472,1.0537911745932691
483.39464882943145,0.84075751219907235,0.088136745417512041,0.071105742383415604,-2.4288657453974025,1.0548429905099204
483.51170568561872,0.84112226608538943,0.087925728985333046,0.070952004929277473,-2.4312628096660367,1.0558840222945556
483.628762541806,0.84148302256515572,0.087717394074270469,0.070799583360573806,-2.4336350631893788,1.0569142789094188
483.74581939799333,0.84183980971633421,0.087511722204128839,0.070648468079536897,-2.4359825265442989,1.0579337692909305
483.86287625418061,0.84219265525128595,0.087308695154353161,0.070498649594360946,-2.4383052202447191,1.0589425023481744
483.97993311036788,0.84254158652024502,0.087108294961528429,0.070350118518226548,-2.440603164738278,1.059940486961447
484.09698996655516,0.84288663051474044,0.086910503916918222,0.07020286556834128,-2.4428763804030096,1.0609277319808161
484.21404682274249,0.84322781387097645,0.086715304564036588,0.070056881564986961,-2.4451248875440839,1.0619042462247046
484.33110367892976,0.84356516287317351,0.086522679696252575,0.069912157430573912,-2.4473487063906254,1.0628700384785101
484.44816053511704,0.84389870345685625,0.086332612354431654,0.069768684188712099,-2.4495478570925493,1.0638251174932294
484.56521739130437,0.8442284612121107,0.086145085824606879,0.069626452963282418,-2.4517223597174946,1.0647694919841273
484.68227424749165,0.8445544613867848,0.08596008363568558,0.069485454977529615,-2.4538722342477892,1.0657031706294184
484.79933110367892,0.84487672888965881,0.085777589557189726,0.069345681553151461,-2.4559975005774546,1.066626162068967
484.9163879598662,0.84519528829356605,0.085597587597026487,0.06920712410940752,-2.4580981785092963,1.0675384749030219
485.03344481605353,0.84550927563744727,0.085419642667270645,0.069071081695282088,-2.4601791968218811,1.0684422496729169
485.15050167224081,0.84581898370123143,0.085243855432073981,0.068937160866694588,-2.4622392424593063,1.0693369161257196
485.26755852842808,0.84612506980518343,0.085070507031378695,0.068804423163437878,-2.464274871845435,1.0702209787353154
485.38461538461536,0.84642755708272377,0.08489958240296179,0.06867286051431444,-2.4662861043699618,1.0710944459225418
485.50167224080269,0.84672646834872978,0.084731066711111969,0.068542464940158254,-2.4682729593182375,1.07195732606292
485.61872909698997,0.84702182610238408,0.084564945344599574,0.068413228553016348,-2.4702354558686497,1.0728096274855181
485.73578595317724,0.84731365252998736,0.084401203914676648,0.068285143555336048,-2.472173613090058,1.0736513584718368
485.85284280936457,0.84760196950773048,0.084239828253107107,0.068158202239162413,-2.4740874499392751,1.0744825272547149
485.96989966555185,0.84788673327810793,0.084080849431273669,0.068032417290618458,-2.4759764498089822,1.0753029094744446
486.08695652173913,0.84816789047333385,0.083924305166114904,0.067907804360551188,-2.4778400153744413,1.0761122457161885
486.2040133779264,0.84844560495632693,0.083770083464346098,0.067784311579326975,-2.4796793344656427,1.0769110518479565
486.32107023411373,0.84871989736037468,0.083618171040830691,0.067661931598794633,-2.4814944255623446,1.0776993358954059
486.43812709030101,0.84899078802241279,0.083468554821203536,0.067540657156383674,-2.4832853070203824,1.0784771058303746
486.55518394648828,0.84925829698555255,0.083321221940083498,0.06742048107436395,-2.4850519970694029,1.0792443695698974
486.67224080267556,0.84952244400158006,0.083176159739318439,0.067301396259101559,-2.4867945138105911,1.0800011349752197
486.78929765886289,0.84978324853341336,0.083033355766253078,0.067183395700333562,-2.488512875214508,1.0807474098508563
486.90635451505017,0.85004072975752187,0.082892797772031485,0.067066472470446642,-2.4902070991188858,1.081483201943636
487.02341137123744,0.85029490656631612,0.082754473709923421,0.066950619723760457,-2.4918772032265144,1.0822085189417832
487.14046822742478,0.85054579757048532,0.082618371733681917,0.066835830695832765,-2.4935232051031235,1.082923368473997
487.25752508361205,0.85079342110131562,0.082484480195926191,0.066722098702758192,-2.495145122175328,1.08362775810856
487.37458193979933,0.85103779521296152,0.082352787646553488,0.066609417140485044,-2.4967429717285916,1.0843216953524539
487.4916387959866,0.85127893768468488,0.082223282831180231,0.066497779484134892,-2.4983167709051983,1.085005187650478
487.60869565217394,0.8515168660230561,0.082095954689604803,0.066387179287339101,-2.4998665367023256,1.0856782423844129
487.72575250836121,0.8517515974641241,0.081970792354303379,0.066277610181572522,-2.5013922859700735,1.0863408668721637
487.84280936454849,0.85198314897554539,0.08184778514895058,0.066169065875503974,-2.5028940354095472,1.0869930683669284
487.95986622073576,0.85221153725868126,0.081726922586965081,0.066061540154353657,-2.5043718015709948,1.0876348540563885
488.07692307692309,0.85243677875065993,0.081608194370085374,0.065955026879254752,-2.5058256008519204,1.0882662310618894
488.19397993311037,0.85265888962640657,0.081491590386966628,0.065849519986626803,-2.5072554494952959,1.0888872064376642
488.31103678929765,0.8528778858006334,0.081377100711807385,0.06574501348755922,-2.5086613635877484,1.0894977871700464
488.42809364548498,0.8530937829298002,0.081264715603003038,0.065641501467196758,-2.5100433590577689,1.0900979801766915
488.54515050167225,0.85330659641403761,0.081154425501821059,0.065538978084141386,-2.51140145167399,1.09068779230583
488.66220735785953,0.85351634139904453,0.081046221031105717,0.065437437569849752,-2.5127356570434443,1.0912672303355095
488.7792642140468,0.85372303277793982,0.080940092994005633,0.065336874228054551,-2.5140459906098784,1.0918363009728647
488.89632107023414,0.8539266851930909,0.080836032372726227,0.065237282434182878,-2.5153324676520921,1.0923950108533931
489.01337792642141,0.85412731303790779,0.080734030327311079,0.065138656634781134,-2.5165951032822571,1.0929433665402282
489.13043478260869,0.85432493045859847,0.080634078194442238,0.065040991346959287,-2.5178339124443285,1.0934813745234471
489.24749163879596,0.85451955135589897,0.080536167486270294,0.064944281157830741,-2.5190489099124185,1.094009041219365
489.3645484949833,0.85471118938676838,0.080440289889267227,0.064848520723964395,-2.5202401102892114,1.0945263729698471
489.48160535117057,0.85489985796605084,0.080346437263100562,0.064753704770848602,-2.5214075280044406,1.0950333760416473
489.59866220735785,0.85508557026810539,0.08025460163953943,0.064659828092355182,-2.5225511773132894,1.0955300566257129
489.71571906354518,0.8552683392284065,0.080164775221374773,0.064566885550218722,-2.5236710722949365,1.0960164208365533
489.83277591973246,0.85544817754511293,0.08007695038137129,0.064474872073515779,-2.5247672268510235,1.096492474711575
489.94983277591973,0.8556250976806028,0.07999111966124034,0.064383782658156863,-2.525839654704177,1.096958224210439
490,0.85570003031357722,0.079954943699190373,0.064345025987232407,-2.5262920067271879,1.0971546781979102
490.06688963210701,0.85579911186297841,0.079907275770635472,0.064293612366386116,-2.5268883693965631,1.097413675214433
490.18394648829434,0.85597023208754119,0.079825411586172693,0.064204356326286113,-2.5279133842884431,1.0978588335258452
490.30100334448161,0.85613847011823663,0.079745520150474841,0.064116009731288531,-2.5289147125567397,1.0982937048673402
490.41806020066889,0.85630383748906769,0.079667594671236686,0.064028567839695683,-2.5298923671936513,1.0987182948813581
490.53511705685617,0.85646634550547407,0.079591628520315441,0.06394202597421049,-2.5308463610052536,1.0991326091295068
490.6521739130435,0.8566260052456901,0.079517615232843369,0.063856379521466528,-2.5317767066101311,1.0995366530919679
490.76923076923077,0.85678282756206192,0.079445548506363178,0.0637716239315749,-2.5326834164380219,1.0999304321669083
490.88628762541805,0.8569367240247231,0.079375487588605242,0.063687788386671662,-2.5335656789395786,1.1003135939029247
491.00334448160532,0.85708778181715939,0.079307375794858637,0.063604842387981975,-2.5344241433821439,1.1006864202732409
491.12040133779266,0.85723603520748193,0.079241191403143188,0.063522773389374884,-2.5352590218894613,1.1010490034020284
491.23745819397993,0.85738149414423726,0.079176928760717968,0.063441577095044777,-2.5360703261251589,1.1014013483547367
491.35451505016721,0.85752416835652623,0.079114582373071174,0.063361249270402598,-2.5368580675577128,1.1017434601120615
491.47157190635454,0.85766406735515111,0.079054146903191291,0.063281785741657604,-2.5376222574591876,1.1020753435693982
491.58862876254182,0.85780120043373209,0.078995617170860094,0.063203182395407814,-2.5383629069039961,1.1023970035363031
491.70568561872909,0.85793557666979003,0.07893898815196837,0.063125435178241596,-2.5390800267676616,1.1027084447359563
491.82274247491637,0.85806720492580268,0.078884254977853535,0.06304854009634378,-2.5397736277255896,1.1030096718046272
491.9397993311037,0.85819609385023909,0.078831412934657535,0.06297249321510337,-2.540443720251877,1.1033006892911585
492.05685618729098,0.85832225187855293,0.078780457462708953,0.062897290658738059,-2.5410903146180934,1.1035815016564359
492.17391304347825,0.85844568723416148,0.078731384155923262,0.062822928609915313,-2.5417134208921253,1.1038521132728873
492.29096989966553,0.85856640792938299,0.078684188761228957,0.062749403309388052,-2.5423130489369727,1.104112528423959
492.40802675585286,0.85868442176635873,0.078638867178010302,0.062676711055630968,-2.5428892084096173,1.1043627513036247
492.52508361204013,0.85879973633793671,0.078595415457575341,0.062604848204487945,-2.5434419087598559,1.1046027860158794
492.64214046822741,0.85891235902853069,0.078553829802642638,0.06253381116882667,-2.5439711592291729,1.1048326365742485
492.75919732441474,0.85902229701495925,0.078514106566851594,0.062463596418189216,-2.5444769688495974,1.1050523069012925
492.87625418060202,0.85912955726724027,0.078476242254293088,0.062394200478466645,-2.5449593464425777,1.1052618008281176
492.99331103678929,0.85923414654937968,0.078440233519057823,0.062325619931562493,-2.5454183006179103,1.105461122093911
493.11036789297657,0.85933607142010915,0.078406077164811544,0.062257851415079307,-2.5458538397726063,1.1056502743454482
493.2274247491639,0.85943533823361706,0.078373770144388233,0.062190891621994704,-2.5462659720898024,1.1058292611366205
493.34448160535118,0.859531953140239,0.07834330955940344,0.062124737300357551,-2.5466547055376938,1.105998085927971
493.46153846153845,0.8596259220871274,0.078314692659890148,0.062059385252982449,-2.5470200478684553,1.1061567520862263
493.57859531772573,0.85971725081889105,0.078287916843954364,0.061994832337154589,-2.5473620066171829,1.1063052628838372
493.69565217391306,0.8598059448782055,0.078262979657454324,0.06193107546434018,-2.5476805891008127,1.1064436214985087
493.81270903010034,0.8598920096064061,0.078239878793695344,0.061868111599898551,-2.5479758024171106,1.1065718310127612
493.92976588628761,0.85997545014404053,0.078218612093151688,0.061805937762807781,-2.5482476534435916,1.1066898944134618
494.04682274247489,0.86005627143140373,0.078199177543202492,0.061744551025393841,-2.5484961488365312,1.1067978145913937
494.16387959866222,0.86013117772047043,0.078180733694971222,0.061688088584558341,-2.5487320339725534,1.1069002582043312
494.2809364548495,0.86020043415692571,0.078163337304790526,0.061636228538283766,-2.5489545737867116,1.1069969060176239
494.39799331103677,0.86026709230872855,0.078147759407888678,0.061585148283382775,-2.5491538929301512,1.1070834692217573
494.5150501672241,0.8603311561729049,0.078133998441654445,0.061534845385440656,-2.5493299975051076,1.107159950466899
494.63210702341138,0.86039262955027451,0.078122052988087581,0.061485317461637906,-2.5494828933895337,1.1072263523058108
494.74916387959865,0.86045151604581827,0.078111921773638016,0.061436562180543726,-2.549612586236166,1.1072826771934456
494.86622073578593,0.8605078190690203,0.07810360366906885,0.061388577261910854,-2.5497190814715589,1.1073289274865257
494.98327759197326,0.86056154183418043,0.078097097689336717,0.061341360476482851,-2.5498023842951612,1.107365105443143
495.10033444816054,0.86061268736069985,0.078092402993494694,0.061294909645805459,-2.5498624996783708,1.1073912132223485
495.21739130434781,0.86066125847334252,0.078089518884615086,0.061249222642042397,-2.5498994323636044,1.1074072528837473
495.33444816053509,0.86070725780247281,0.078088444809731913,0.061204297387795273,-2.5499131868633786,1.1074132263871006
495.45150501672242,0.86075068778426045,0.078089180359804999,0.061160131855934559,-2.5499037674593854,1.1074091355919236
495.5685618729097,0.86079155066086288,0.078091725269703788,0.061116724069433338,-2.5498711782015788,1.107394982257089
495.68561872909697,0.86082984848058031,0.078096079418213227,0.061074072101206515,-2.5498154229072485,1.1073707680404243
495.80267558528431,0.86086550606585455,0.078102292924332628,0.061032201009812825,-2.5497358637411769,1.1073362159336146
495.91973244147158,0.86089859362219945,0.078110321329457486,0.060991085048343066,-2.549633075561486,1.10729157559437
496.03678929765886,0.86092912264277022,0.078120158420787178,0.060950718936442612,-2.5495071450598528,1.1072368846724074
496.15384615384613,0.86095709439662438,0.078131804655767717,0.060911100947607898,-2.5493580751246943,1.1071721444221503
496.27090301003346,0.8609825099595757,0.078145260635921074,0.060872229404503223,-2.5491858684075859,1.1070973559951636
496.38795986622074,0.86100537021418944,0.07816052710697384,0.060834102678836724,-2.5489905273223736,1.1070125204397667
496.50501672240802,0.8610256758497562,0.078177604959004471,0.060796719191239322,-2.5487720540443206,1.1069176387006652
496.62207357859529,0.86104342736222994,0.078196495226616008,0.060760077411154051,-2.5485304505091957,1.106812711618552
496.73913043478262,0.86105862505414765,0.078217199089123862,0.060724175856728485,-2.54826571841244,1.1066977399297484
496.8561872909699,0.86107126903452125,0.078239717870771275,0.060689013094707478,-2.5479778592082516,1.1065727242658043
496.97324414715717,0.86108135921869455,0.078264053040960374,0.060654587740345128,-2.5476668741087432,1.1064376651531336
497.09030100334451,0.86108889532818311,0.078290206214506664,0.060620898457310231,-2.5473327640830696,1.106292563012635
497.20735785953178,0.861093876890486,0.078318179151914274,0.060587943957599734,-2.5469755298565668,1.106137418159318
497.32441471571906,0.86109630323886299,0.078347973759672784,0.060555723001464223,-2.5465951719098885,1.1059722308019275
497.44147157190633,0.86109617351209033,0.078379592090575462,0.060524234397334196,-2.546191690478143,1.1057970010425699
497.55852842809367,0.86109348665419427,0.078413036344056705,0.060493477001749021,-2.5457650855500624,1.1056117288763518
497.67558528428094,0.86108824141414364,0.078448308866555599,0.06046344971930076,-2.5453153568671159,1.1054164141909946
497.79264214046822,0.86108043634552978,0.078485412151897221,0.060434151502573003,-2.5448425039226734,1.1052110567664715
497.90969899665549,0.86107006980620837,0.07852434884169579,0.060405581352095838,-2.5443465259611715,1.1049956562746455
498.02675585284283,0.86105713995792077,0.078565121725781978,0.060377738316297246,-2.5438274219772508,1.1047702122788947
498.1438127090301,0.86104164476587708,0.078607733742652189,0.060350621491470732,-2.5432851907148963,1.1045347242337389
498.26086956521738,0.86102358199832929,0.078652187979935256,0.06032423002173546,-2.5427198306666376,1.1042891914844915
498.37792642140471,0.8610029492260991,0.078698487674887185,0.060298563099013706,-2.5421313400726762,1.104033613266882
498.49498327759198,0.86097974382208586,0.078746636214905602,0.060273619963008528,-2.5415197169200523,1.1037679887066933
498.61204013377926,0.86095396296074356,0.078796637138066228,0.060249399901190215,-2.5408849589418114,1.1034923168193991
498.72909698996654,0.86092560361753412,0.078848494133682917,0.060225902248782971,-2.5402270636161677,1.1032065965098021
498.84615384615387,0.86089466256834357,0.078902211042890441,0.060203126388766036,-2.5395460281656623,1.1029108265716672
498.96321070234114,0.86086113638887907,0.078957791859247742,0.060181071751873191,-2.5388418495563601,1.1026050056873729
499.08026755852842,0.86082502145403095,0.079015240729368774,0.060159737816600285,-2.5381145244969852,1.1022891324275363
499.19732441471569,0.86078631393720473,0.07907456195357393,0.060139124109221342,-2.5373640494380929,1.1019632052506536
499.31438127090303,0.86074500980963253,0.07913575998656136,0.060119230203806058,-2.5365904205712884,1.1016272225027592
499.4314381270903,0.86070110483964279,0.079198839438110638,0.060100055722246568,-2.5357936338283307,1.101281182417039
499.54849498327758,0.86065459459190996,0.079263805073798696,0.060081600334291344,-2.5349736848803883,1.1009250831135053
499.66555183946491,0.86060547442667046,0.079330661815752324,0.060063863757577211,-2.534130569137131,1.1005589225986028
499.78260869565219,0.86055373949890812,0.079399414743413527,0.060046845757678352,-2.533264281745967,1.100182698764878
499.89966555183946,0.86049938475751309,0.079470069094333642,0.060030546148153272,-2.5323748175912217,1.0997964093906214
500.01672240802674,0.86044240494439406,0.079542630265008657,0.060014964790597279,-2.5314621712931102,1.099400052139422
500.13377926421407,0.8603827945935425,0.07961710381175556,0.060000101594701941,-2.5305263372065037,1.0989936245596319
500.25083612040135,0.86032054803026314,0.079693495451391649,0.059985956518345207,-2.5295673094224842,1.0985771240850404
500.36789297658862,0.86025565937001802,0.079771811062343295,0.059972529567638683,-2.5285850817648177,1.0981505480333431
500.4849498327759,0.86018812251749399,0.079852056685491529,0.059959820797014472,-2.5275796477900561,1.0977138936061861
500.60200668896323,0.86011793116557655,0.079934238525109891,0.059947830309313561,-2.5265510007868008,1.097267157888846
500.7190635451505,0.86004499805992629,0.080018378215678282,0.059936623724395434,-2.5254989429956436,1.096810254995503
500.83612040133778,0.85996933185684066,0.080104478728717135,0.059926189414442207,-2.5244235122547711,1.096343201359073
500.95317725752511,0.85989099281096804,0.080192533862309678,0.059916473326722293,-2.5233248624293463,1.095866063802347
501.07023411371239,0.8598099737563103,0.080282550479472997,0.059907475764216712,-2.5222029857595336,1.0953788389552714
501.18729096989966,0.85972626730971902,0.080374535611503026,0.059899197078777958,-2.5210578742139469,1.0948815233298594
501.30434782608694,0.85963986586967533,0.080468496459075181,0.059891637671249484,-2.5198895194888333,1.094374113319837
501.42140468227427,0.85955076161502886,0.08056444039336999,0.059884797991601159,-2.5186979130072911,1.0938566052003029
501.53846153846155,0.85945894650371313,0.080662374957227972,0.059878678539058906,-2.5174830459184614,1.0933289951273784
501.65551839464882,0.85936441227141713,0.080762307866329472,0.059873279862253395,-2.5162449090967582,1.0927912791378716
501.7725752508361,0.85926715043023194,0.080864247010405482,0.059868602559362577,-2.5149834931410617,1.0922434531489278
501.88963210702343,0.85916715226725138,0.08096820045447678,0.059864647278271836,-2.5136987883739108,1.0916855129576795
502.00668896321071,0.85906440884315116,0.081074176440116288,0.05986141471673255,-2.5123907848407643,1.0911174542409239
502.12374581939798,0.85895891099072186,0.081182183386746432,0.059858905622531704,-2.5110594723091881,1.0905392725547718
502.24080267558531,0.85885064931337063,0.081292229892963752,0.059857120793665612,-2.5097048402680668,1.0899509633343034
502.35785953177259,0.8587396141835868,0.081404324737890554,0.059856061078522697,-2.5083268779268471,1.0893525218932412
502.47491638795987,0.85862579574137055,0.081518476882560018,0.059855727376069437,-2.5069255742147374,1.0887439434236013
502.59197324414714,0.85850918389262665,0.081634695471326318,0.059856120636047033,-2.5055009177799716,1.0881252229953746
502.70903010033447,0.85838976830751734,0.081752989833312417,0.05985724185917024,-2.5040528969889904,1.0874963555561703
502.82608695652175,0.85826753841877956,0.081873369483880354,0.059859092097340076,-2.5025814999257192,1.0868573359309031
502.94314381270902,0.85814248342000721,0.081995844126140194,0.059861672453852599,-2.5010867143907634,1.0862081588214429
503.0602006688963,0.85801459226389243,0.082120423652483301,0.05986498408362427,-2.4995685279006872,1.0855488188063027
503.17725752508363,0.85788385366042375,0.082247118146153569,0.059869028193422692,-2.4980269276872265,1.0848793103402958
503.29431438127091,0.85775025607505517,0.082375937882846889,0.059873806042097945,-2.4964619006965489,1.084199627754215
503.41137123745818,0.85761378772682706,0.082506893332344705,0.059879318940828243,-2.4948734335884999,1.0835097652545045
503.52842809364546,0.85747238206347498,0.082638277021873541,0.059889340914651472,-2.4932823035909872,1.0828187462765939
503.64548494983279,0.85732808192531917,0.082771792044100262,0.059900126030580564,-2.4916679514299958,1.0821176420412268
503.76254180602007,0.85718088599228104,0.082907458480426369,0.059911655527292593,-2.490030251280837,1.081406397903435
503.87959866220734,0.85703078156614421,0.083045287375781693,0.059923931058074101,-2.4883691889545121,1.0806850077010146
503.99665551839468,0.85687775569517033,0.083185289974675114,0.05993695433015462,-2.4866847499755016,1.0799534651473277
504.11371237458195,0.85672179517201075,0.083327477722981089,0.059950727105008164,-2.4849769195810913,1.0792117638310086
504.23076923076923,0.85656288653157875,0.083471862269764052,0.059965251198657199,-2.4832456827206641,1.0784598972156576
504.3478260869565,0.85640101604887575,0.083618455469135156,0.059980528481989086,-2.4814910240550265,1.0776978586395474
504.46488294314383,0.85623616973677763,0.083767269382148249,0.059996560881074121,-2.4797129279556951,1.0769256413153141
504.58193979933111,0.85606833334377286,0.083918316278726868,0.060013350377500212,-2.4779113785042473,1.0761432383296745
504.69899665551839,0.85589749235167001,0.084071608639629078,0.060030899008700914,-2.4760863594916582,1.0753506426431385
504.81605351170566,0.8557236319732362,0.084227159158454079,0.060049208868309716,-2.4742378544175834,1.0745478470896976
504.93311036789299,0.85554673714982021,0.084384980743675578,0.060068282106504209,-2.4723658464897742,1.0737348443765711
505.05016722408027,0.85536679254890402,0.084545086520722554,0.060088120930373426,-2.4704703186233812,1.0729116270839028
505.16722408026754,0.85518378256162519,0.084707489834094624,0.060108727604280182,-2.4685512534403102,1.0720781876644823
505.28428093645482,0.85499769130024572,0.084872204249513056,0.060130104450241223,-2.4666086332686192,1.0712345184434831
505.40133779264215,0.85480850259557206,0.085039243556116334,0.060152253848311611,-2.4646424401418598,1.0703806116181753
505.51839464882943,0.85461619999433402,0.085208621768689763,0.060175178236976205,-2.4626526557984922,1.0695164592576731
505.6354515050167,0.85442076675650658,0.085380353129942327,0.060198880113551102,-2.4606392616812265,1.0686420533026482
505.75250836120404,0.85422217047984461,0.085554460031179155,0.060223369488976233,-2.458602146382983,1.0677573453696205
505.86956521739131,0.85402040614533081,0.08573095053697373,0.060248643317695458,-2.4565413687876325,1.0668623610315298
505.98662207357859,0.85381546083992943,0.085909837122549113,0.060274702037521458,-2.4544569382419064,1.0659571043476104
506.10367892976586,0.85360731666051914,0.086091134955933651,0.060301548383547211,-2.4523488350336997,1.0650415667570037
506.2207357859532,0.85339595540344615,0.086274859444793725,0.060329185151760126,-2.4502170391527587,1.064115739569367
506.33779264214047,0.85318135856154809,0.086461026238955005,0.060357615199496908,-2.448061530290135,1.0631796139646359
506.45484949832775,0.85296350732113446,0.08664965123296911,0.060386841445896421,-2.4458822878376343,1.0622331809927856
506.57190635451502,0.85274238255889823,0.086840750568722008,0.060416866872379821,-2.4436792908873111,1.0612764315736105
506.68896321070235,0.85251796483879183,0.087034340638089486,0.06044769452311869,-2.4414525182309506,1.0603093564965
506.80602006688963,0.85229023440883123,0.087230438085636353,0.060479327505532421,-2.4392019483595906,1.0593319464202307
506.92307692307691,0.8520591711978549,0.087429059811364271,0.060511768990780826,-2.4369275594630304,1.0583441918727525
507.04013377926424,0.85182475481222153,0.087630222973508004,0.060545022214270466,-2.4346293294293346,1.0573460832509742
507.15719063545151,0.85158696453245597,0.087833944991370719,0.060579090476173311,-2.4323072358444544,1.0563376108205977
507.27424749163879,0.85134577930982791,0.088040243548220543,0.06061397714195154,-2.4299612559917128,1.0553187647158959
507.39130434782606,0.85110117776288297,0.088249136594225563,0.060649685642891471,-2.4275913668514288,1.054289534939548
507.5083612040134,0.85085313817390951,0.088460642349443799,0.060686219476646694,-2.4251975451004957,1.0532499113624578
507.62541806020067,0.85060163848533832,0.088674779306861504,0.060723582207800178,-2.422779767111999,1.0521998837235866
507.74247491638795,0.85034665629609496,0.088891566235482083,0.060761777468422956,-2.4203380089548583,1.0511394416297981
507.85953177257522,0.85008816885788296,0.089111022183469599,0.060800808958647437,-2.4178722463934541,1.0500685745556968
507.97658862876256,0.84982615307140008,0.089333166481342957,0.060840680447256969,-2.4153824548872955,1.0489872718434825
508.09364548494983,0.8495605854825008,0.089558018745219861,0.060881395772279343,-2.4128686095907437,1.0478955227028315
508.21070234113711,0.84929144227828857,0.089785598880122053,0.060922958841589374,-2.4103306853526769,1.0467933162107506
508.32775919732444,0.84901869928314,0.090015927083330338,0.060965373633529669,-2.4077686567162302,1.0456806413114637
508.44481605351172,0.84874233195467585,0.090249023847792639,0.061008644197531506,-2.4051824979185814,1.0445574868163192
508.56187290969899,0.84846231537964645,0.090484909965597562,0.06105277465475599,-2.4025721828906637,1.0434238414036654
508.67892976588627,0.8481786242697642,0.09072360653149418,0.061097769198741617,-2.3999376852570151,1.0422796936187848
508.7959866220736,0.84789123295746305,0.090965134946478232,0.061143632096058713,-2.3972789783355619,1.0411250318737997
508.91304347826087,0.84760011539158642,0.091209516921429007,0.061190367686984624,-2.3945960351375128,1.039959844447627
509.03010033444815,0.84730524513300343,0.091456774480814754,0.06123798038618182,-2.3918888283671826,1.0387841194859015
509.14715719063543,0.84700659535015876,0.09170692996645366,0.061286474683387576,-2.3891573304218925,1.037597845000932
509.26421404682276,0.84670413881454576,0.091960006041330131,0.06133585514412411,-2.3864015133919634,1.0364010088716986
509.38127090301003,0.8463978478961065,0.092216025693488177,0.06138612641040532,-2.3836213490605771,1.0351935988437935
509.49832775919731,0.84608769455855792,0.092475012239971718,0.061437293201470358,-2.3808168089038366,1.0339756025294449
509.61538461538464,0.84577365035464569,0.092736989330840777,0.061489360314513533,-2.3779878640907306,1.0327470074075042
509.73244147157192,0.84545568642131208,0.093001980953243288,0.061542332625444632,-2.3751344854832266,1.0315078008234844
509.84949832775919,0.84513377347479945,0.093270011435558922,0.061596215089641623,-2.3722566436363293,1.0302579699895866
509.96655518394647,0.84480788180566091,0.093541105451609194,0.061651012742729897,-2.3693543087981754,1.0289975019847408
510,0.8447140349073835,0.093619127067661387,0.061666838024955109,-2.3685205673615299,1.0286354126794717
510.0836120401338,0.84447798127370577,0.093815288024929541,0.06170673070136469,-2.3664274509102254,1.0277263837546891
510.20066889632108,0.84414404130284781,0.094092584533117057,0.061763374164035129,-2.3634760396074124,1.0264446021120506
510.31772575250835,0.84380603087588968,0.094373020712243141,0.06182094841186718,-2.3605000442183792,1.0251521437364239
510.43478260869563,0.84346391852920788,0.094656622661337148,0.061879458809455022,-2.3574994337657476,1.0238489951745049
510.55183946488296,0.84311767234736434,0.094943416846942519,0.061938910805693137,-2.3544741769664159,1.0225351428402147
510.66889632107024,0.84276725995762813,0.095233430107747111,0.061999309934624755,-2.3514242422318818,1.0212105730148415
510.78595317725751,0.84241261438896109,0.095526669690753005,0.062060715920285905,-2.3483498067048045,1.0198753626304646
510.90301003344484,0.8420537136452797,0.095823167231111131,0.062123119123609169,-2.3452507941065024,1.0185294785596732
511.02006688963212,0.84169054912341523,0.096122964721354676,0.062186486155230099,-2.342127024630372,1.0171728427134521
511.13712374581939,0.8413230865891923,0.096426090510262991,0.062250822900544706,-2.3389784655376094,1.0158054408735189
511.25418060200667,0.84095129132303781,0.096732573342472594,0.062316135334489604,-2.3358050837871294,1.0144272586903129
511.371237458194,0.84057512811397406,0.097042442363553028,0.062382429522472915,-2.3326068460361808,1.0130382816832613
511.48829431438128,0.84019456125353109,0.097355727125163063,0.06244971162130579,-2.3293837186410156,1.01163849524107
511.60535117056855,0.83980955452954309,0.097672457590288531,0.06251798788016838,-2.3261356676575944,1.0102278846220296
511.72240802675583,0.83942007121986617,0.097992664138556299,0.062587264641577531,-2.3228626588424124,1.0088064349543755
511.83946488294316,0.83902607408599428,0.098316377571639621,0.062657548342366101,-2.3195646576532942,1.0073741312366311
511.95652173913044,0.83862752536656959,0.098643629118742859,0.062728845514687548,-2.3162416292502979,1.0059309583380018
512.07357859531771,0.8382243867708028,0.098974450442172957,0.062801162787024301,-2.3128935384966645,1.0044769009987877
512.19063545150505,0.83781661947178754,0.099308873642995246,0.062874506885217216,-2.3095203499598544,1.0030119438308318
512.30769230769226,0.83740418409971085,0.099646931266782257,0.062948884633506841,-2.3061220279125929,1.001536071317976
512.4247491638796,0.83698704073496288,0.099988656309448296,0.063024302955588821,-2.3026985363340153,1.0000492678165573
512.54180602006693,0.8365651489011402,0.10033408222317193,0.063100768875687871,-2.2992498389109017,0.99855151755594518
512.65886287625415,0.83613846755794308,0.10068324292241421,0.063178289519642772,-2.2957758990389419,0.99704280463908934
512.77591973244148,0.83570695509395987,0.10103617279003149,0.063256872116008639,-2.2922766798240484,0.99552311304309127
512.89297658862881,0.83527056931935628,0.10139290668347091,0.063336523997172808,-2.2887521440838605,0.99399242661985687
513.01003344481603,0.83482795474193494,0.10175110277388073,0.063420942484184326,-2.2852256166456262,0.99246087521315129
513.12709030100336,0.83438035382148601,0.10211305804888937,0.063506588129624675,-2.2816746672891575,0.99091871750211902
513.24414715719058,0.83392776998716911,0.10247889241072333,0.063593337602107558,-2.2780984293099547,0.98936557708177841
513.36120401337791,0.83347015899701371,0.10284864218235118,0.063681198820635165,-2.2744968648920363,0.98780143752885741
513.47826086956525,0.83300747599930902,0.10322234418563717,0.063770179815053812,-2.2708699359436073,0.98622628230029952
513.59531772575247,0.83253967552472696,0.10360003574799106,0.063860288727281972,-2.2672176040989851,0.98464009473410052
513.7123745819398,0.83206671147831335,0.10398175470912535,0.063951533812561301,-2.2635398307205494,0.98304285805015523
513.82943143812713,0.83158853713138092,0.10436753942790308,0.064043923440715994,-2.2598365769008901,0.98143455535119006
513.94648829431435,0.83110510511326907,0.1047574287892999,0.064137466097431026,-2.2561078034649462,0.97981516962369219
514.06354515050168,0.83061636740298128,0.10515146221146285,0.06423217038555587,-2.2523534709723134,0.97818468373891176
514.18060200668901,0.83012227532071214,0.1055496796528762,0.064328045026411651,-2.24857353971964,0.97654308045390203
514.29765886287623,0.82962277951923979,0.10595212161963828,0.064425098861121924,-2.2447679697430898,0.97489034241258954
514.41471571906357,0.82911782997519456,0.1063588291728421,0.064523340851963332,-2.2409367208209536,0.97322645214690806
514.53177257525078,0.82860737598020329,0.10676984393607208,0.064622780083724629,-2.2370797524763129,0.97155139207795504
514.64882943143812,0.82809136613190604,0.1071852081030002,0.064723425765093767,-2.2331970239799235,0.96986514451724459
514.76588628762545,0.82756974832483787,0.10760496444510961,0.06482528723005257,-2.2292884943530735,0.96816769166794836
514.88294314381267,0.82704246974118778,0.10802915631951959,0.064928373939292572,-2.2253541223706819,0.96645901562624081
515,0.82650947684141252,0.10845782767693371,0.065032695481653774,-2.2213938665644384,0.96473909838266403
515.11705685618733,0.82597071535473288,0.10889102306970033,0.065138261575566792,-2.217407685226112,0.9630079218235631
515.23411371237455,0.82542613026947875,0.10932878765999104,0.065245082070530203,-2.2133955364109905,0.96126546773258115
515.35117056856188,0.82487566582330552,0.1097711672281034,0.065353166948591085,-2.2093573779414011,0.95951171779218758
515.46822742474922,0.82431926549327383,0.11021820818087642,0.065462526325849743,-2.2052931674104475,0.95774665358530142
515.58528428093643,0.82375687198578096,0.11066995756023346,0.065573170453985585,-2.2012028621858324,0.95597025659695101
515.70234113712377,0.82318842722636132,0.11112646305184953,0.065685109721789148,-2.1970864194138189,0.95418250821599504
515.81939799331099,0.82261387234933836,0.11158777299393793,0.065798354656723707,-2.1929437960233891,0.95238338973692804
515.93645484949832,0.82203328862864056,0.11205390174287641,0.065912809628483032,-2.1887752578967734,0.95057301663093552
516.05351170568565,0.82144648321416702,0.11252493037819168,0.066028586407641351,-2.1845804785263567,0.94875124709756198
516.17056856187287,0.8208533891374179,0.11300091060226763,0.066145700260314466,-2.1803594018751182,0.94691805680023844
516.2876254180602,0.82025394430885268,0.11348189342420402,0.066264162266943302,-2.1761119840889998,0.94507342669338945
516.40468227424753,0.81964808579467308,0.11396793055090866,0.066383983654418263,-2.1718381811199325,0.94321733764718185
516.52173913043475,0.81903574980560745,0.11445907439665083,0.06650517579774172,-2.1675379487309705,0.94134977044975399
516.63879598662209,0.81841687168554245,0.11495537809275438,0.066627750221703169,-2.1632112425015451,0.9394707058094981
516.75585284280942,0.81779138590000788,0.11545689549741711,0.066751718602575005,-2.158858017832987,0.93758012435745819
516.87290969899664,0.81715922602450408,0.11596368120567441,0.066877092769821511,-2.1544782299541669,0.93567800664977985
516.98996655518397,0.81652032473266911,0.11647579055949608,0.067003884707834804,-2.1500718339273712,0.93376433317026208
517.10702341137119,0.81587461378430104,0.11699327965802227,0.067132106557676693,-2.1456387846543756,0.93183908433299489
517.22408026755852,0.81522202401321375,0.11751620536794027,0.067261770618845917,-2.1411790368827162,0.92990224048508285
517.34113712374585,0.8145624853149438,0.11804462533399948,0.067392889351056723,-2.1366925452121999,0.92795378190947275
517.45819397993307,0.81389592663428834,0.11857859798967121,0.06752547537604045,-2.1321792641016089,0.92599368882786492
517.5752508361204,0.81322227595268337,0.11911818256795501,0.067659541479361623,-2.127639147875604,0.92402194140371152
517.69230769230774,0.81254146027543805,0.11966343911231736,0.067795100612244585,-2.123072150731959,0.92203851974535866
517.80936454849495,0.81185340561878361,0.1202144284877887,0.067932165893427696,-2.1184782267489219,0.92004340390924266
517.92642140468229,0.81115803699677724,0.12077121239219837,0.068070750611024328,-2.1138573298928915,0.91803657390322457
518.04347826086951,0.81045527840803289,0.12133385336755889,0.068210868224408222,-2.1092094140263264,0.91601800969002478
518.16053511705684,0.80974505282229747,0.1219024148116005,0.068352532366102031,-2.1045344329158926,0.9139876911907614
518.27759197324417,0.8090272821668536,0.12247696098944881,0.068495756843697589,-2.0998323402409245,0.91194559828862498
518.39464882943139,0.8083018873127682,0.12305755704545436,0.068640555641777443,-2.0951030896021381,0.90989171083266263
518.51170568561872,0.80756878806095844,0.12364426901518039,0.068786942923861172,-2.0903466345305617,0.9078260086416563
518.62876254180605,0.80682790312812536,0.12423716383752026,0.068934933034354384,-2.0855629284969237,0.90574847150820004
518.74581939799327,0.80607915013247933,0.12483630936699294,0.06908454050052773,-2.0807519249211239,0.90365907920281341
518.86287625418061,0.80532244557933663,0.12544177438616916,0.06923578003449421,-2.0759135771821784,0.90155781147826031
518.97993311036794,0.804557704846531,0.126053628618259,0.069388666535210003,-2.0710478386284046,0.8994446480739724
519.09698996655516,0.80378484216966706,0.12667194273985019,0.069543215090482752,-2.0661546625879428,0.89731956872061858
519.21404682274249,0.80300377062720818,0.12729678839379938,0.069699440978992389,-2.0612340023796052,0.89518255314481665
519.33110367892982,0.80221440212539874,0.12792823820227395,0.069857359672327313,-2.0562858113240878,0.89303358107400244
519.44816053511704,0.80141664738302321,0.12856636577994865,0.070016986837028145,-2.0513100427555107,0.89087263224144175
519.56521739130437,0.80061041591600346,0.12921124574735746,0.070178338336639029,-2.0463066500333018,0.88869968639139163
519.68227424749159,0.79979561602183324,0.12986295374439022,0.070341430233776536,-2.0412755865545118,0.88651472328444814
519.79933110367892,0.79897215476385042,0.13052156644394894,0.070506278792200644,-2.0362168057664478,0.88431772270303377
519.91638795986626,0.79813993795534821,0.13118716156575302,0.070672900478898765,-2.0311302611797211,0.88210866445706348
520.03344481605347,0.79729887014353729,0.13185981789029094,0.070841311966171758,-2.0260159063817311,0.879887528389801
520.15050167224081,0.79644885459333503,0.13253961527293379,0.071011530133731141,-2.0208736950504749,0.877654294383856
520.26755852842814,0.7955897932710142,0.1332266346581838,0.071183572070802004,-2.0157035809688892,0.87540894236741307
520.38461538461536,0.79472158682769367,0.13392095809408319,0.071357455078223136,-2.0105055180395381,0.87315145232061009
520.50167224080269,0.793844134582671,0.13462266874676548,0.07153319667056357,-2.005279460299787,0.87088180428212836
520.61872909698991,0.79295733450662265,0.13533185091514643,0.071710814578230933,-2.000025361937475,0.86859997835599934
520.73578595317724,0.79206108320464053,0.13604859004577644,0.071890326749583039,-1.9947431773069402,0.86630595471856386
520.85284280936457,0.79115527589914059,0.13677297274781236,0.072071751353047053,-1.9894328609456933,0.86399971362571382
520.96989966555179,0.7902398064126297,0.13750508680814721,0.072255106779223019,-1.9840943675914646,0.86168123542029518
521.08695652173913,0.78931462784508655,0.13824488711222072,0.072440485042692737,-1.9787286221769902,0.85935092179549122
521.20401337792646,0.78837958185106594,0.13899257835125203,0.072627839797681976,-1.9733347404333708,0.85700838871819862
521.32107023411368,0.78743455127258377,0.13974826708972343,0.072817181637692796,-1.9679125670973454,0.8546535687584399
521.43812709030101,0.78647942424483652,0.14051204589264765,0.073008529862515784,-1.9624620579927177,0.85228644273073662
521.55518394648834,0.78551408741683171,0.1412840085786255,0.073201904004542809,-1.9569831692374846,0.84990699157737704
521.67224080267556,0.78453842593343137,0.14206425023572053,0.073397323830848099,-1.951475857264217,0.84751519637726724
521.78929765886289,0.78355232341728798,0.14285286723746715,0.073594809345244872,-1.9459400788409349,0.84511103835499679
521.90635451505023,0.78255566195069703,0.14364995725896407,0.073794380790338968,-1.9403757910928101,0.84269449889026427
522.02341137123744,0.78154832205733393,0.14445561929310849,0.073996058649557578,-1.9347829515242894,0.84026555952748561
522.14046822742478,0.7805301826839115,0.14526995366691992,0.074199863649168585,-1.9291615180419823,0.83782420198573349
522.25752508361199,0.77950112118176729,0.14609306205796441,0.07440581676026832,-1.9235114489782144,0.83537040816896668
522.37458193979933,0.7784610132883617,0.14692504751087865,0.074613939200759649,-1.9178327031152353,0.83290416017654401
522.49163879598666,0.77740973310872341,0.14776601445398493,0.074824252437291655,-1.9121252397101194,0.83042544031403742
522.60869565217388,0.77634774862302247,0.14861482763687189,0.075037423740105635,-1.906397369463257,0.8279378578727673
522.72575250836121,0.77527523388727726,0.149470994042117,0.07525377207060574,-1.9006529247608399,0.82544307723690913
522.84280936454854,0.77419120641844597,0.15033641109358575,0.075472382487968295,-1.8948797554508001,0.82293582166246571
522.95986622073576,0.77309553445527668,0.15121118801164388,0.075693277533079445,-1.8890778231881791,0.82041607449643295
523.07692307692309,0.77198808452559242,0.15209543546894425,0.075916480005463277,-1.8832470902333138,0.81788381934868348
523.19397993311031,0.77086872142778062,0.1529892656071854,0.076142012965033964,-1.8773875194811502,0.81533904010469715
523.31103678929765,0.76973730821226671,0.15389279205391626,0.076369899733817026,-1.8714990744913127,0.81278172093861989
523.42809364548498,0.76859370616303835,0.15480612993935494,0.076600163897606752,-1.8655817195190934,0.81021184632672227
523.5451505016722,0.76743777477919362,0.15572939591322571,0.076832829307580661,-1.8596354195472966,0.80762940106122949
523.66220735785953,0.76626937175653809,0.15666270816160005,0.077067920081861932,-1.8536601403189767,0.80503437026453906
523.77926421404686,0.76508835296927558,0.15760618642372159,0.077305460607002788,-1.8476558483711505,0.80242673940386189
523.89632107023408,0.76389457245175163,0.15855995200881684,0.07754547553943153,-1.84162251106942,0.79980649430625939
524.01337792642141,0.76268788238032104,0.15952412781287281,0.077787989806806151,-1.8355600966435641,0.79717362117409951
524.13043478260875,0.76146813305533834,0.16049883833535192,0.07803302860930969,-1.8294685742242287,0.79452810660099216
524.24749163879596,0.76023517288327291,0.16148420969586508,0.078280617420861995,-1.8233479138805169,0.79186993758811408
524.3645484949833,0.75898884835899516,0.16248036965075321,0.078530781990251625,-1.8171980866587232,0.78919910156103068
524.48160535117063,0.75772900404824939,0.16348744760957495,0.078783548342175672,-1.8110190646221516,0.78651558638698893
524.59866220735785,0.75645548257031892,0.16450557465149027,0.079038942778190763,-1.804810820892004,0.7838193803926754
524.71571906354518,0.75516812458092542,0.16553488354151319,0.079296991877561437,-1.798573329689424,0.78111047238247489
524.8327759197324,0.75386676875539194,0.16657550874660199,0.079557722498006134,-1.7923065663788007,0.77838885165727745
524.94983277591973,0.75255125177205839,0.16762758645161313,0.079821161776328475,-1.7860105075120833,0.77565450803372404
525.06688963210706,0.7512214082960379,0.16869125457502537,0.080087337128936731,-1.7796851308745791,0.77290743186409616
525.18394648829428,0.74987707096327705,0.16976665278448971,0.080356276252233252,-1.7733304155317919,0.77014761405665777
525.30100334448161,0.74851807036500062,0.17085392251212575,0.080628007122873629,-1.7669463418776794,0.76737504609661278
525.41806020066895,0.74714423503255167,0.17195320696955413,0.080902557997894198,-1.7605328916842715,0.76458972006765435
525.53511705685617,0.74575539142265379,0.17306465116266734,0.081179957414678913,-1.7540900481525208,0.76179162867404904
525.6521739130435,0.74435136390314272,0.17418840190606774,0.081460234190789543,-1.747617795964683,0.75898076526338476
525.76923076923072,0.74293197473921035,0.17532460783716913,0.081743417423620512,-1.7411161213381132,0.75615712384993516
525.88628762541805,0.74149704408016825,0.17647341942994654,0.082029536489885202,-1.7345850120804371,0.75332069913861921
526.00334448160538,0.7400463899468076,0.17763498900826089,0.082318621044931511,-1.7280244576463757,0.75047148654968043
526.1204013377926,0.73857982821937762,0.17880947075876807,0.082610701021854374,-1.7214344491960163,0.74760948224399348
526.23745819397993,0.73709729131155488,0.17999692589791647,0.082905782790528654,-1.7148155065826718,0.74473491199098374
526.35451505016727,0.735598658414919,0.18119745828561862,0.083203883299462336,-1.7081679125929492,0.7418478986033139
526.47157190635448,0.7340835612702723,0.18241136971247018,0.083505069017257461,-1.7014908693346398,0.73894809556080088
526.58862876254182,0.73255180725797109,0.18363882179460983,0.083809370947419026,-1.6947843754645975,0.73603550228012349
526.70568561872915,0.73100320157161569,0.18487997806516576,0.084116820363218547,-1.6880484316596485,0.73311011905522372
526.82274247491637,0.72943754721077403,0.18613500398376759,0.084427448805458397,-1.6812830406848736,0.73017194708696098
526.9397993311037,0.72785464497469277,0.18740406694533102,0.08474128807997626,-1.6744882074638272,0.72722098851360761
527.05685618729092,0.72625429345704129,0.18868733628809173,0.085058370254866927,-1.6676639391506107,0.7242572464421505
527.17391304347825,0.72463628904173505,0.18998498330084207,0.085378727657422923,-1.6608102452038274,0.72128072498040874
527.29096989966558,0.72300042589995894,0.19129718122928865,0.085702392870752347,-1.6539271374626345,0.71829142927006318
527.4080267558528,0.72134649598836931,0.19262410528153054,0.086029398730100154,-1.6470146302246471,0.71528936552048894
527.52508361204013,0.71967428904863384,0.19396593263254641,0.086359778318819677,-1.640072740326044,0.71227454104354571
527.64214046822747,0.71798359260834443,0.19532284242766013,0.086693564963995426,-1.6331014872237692,0.7092469642892768
527.75919732441469,0.71627419198334863,0.19669501578493775,0.087030792231713672,-1.6261008930798093,0.70620664488251084
527.87625418060202,0.71454587028165917,0.19808263579640414,0.087371493921936688,-1.6190709828478436,0.7031535936604929
527.99331103678935,0.71279840840894759,0.19948588752806704,0.087715704062985372,-1.6120117843620387,0.70008782271144809
528.11036789297657,0.71103158507574693,0.20090495801864347,0.088063456905609544,-1.6049233284282225,0.69700934541417725
528.2274247491639,0.70924517680646493,0.20234003627692337,0.08841478691661174,-1.5978056489174493,0.69391817647869269
528.34448160535112,0.70743895795026523,0.20379131327770303,0.088769728772031736,-1.5906587828619749,0.69081433198789843
528.46153846153845,0.70561270069395277,0.20525898195620534,0.08912831734984196,-1.5834827705537109,0.68769782944034963
528.57859531772579,0.70376617507694439,0.20674323720089077,0.089490587722164824,-1.5762776556452884,0.68456868779414282
528.695652173913,0.70189914900843842,0.20824427584460331,0.089856575146958287,-1.5690434852536383,0.68142692751190137
528.81270903010034,0.70001138828688958,0.20976229665393303,0.090226315059177387,-1.561780310066289,0.67827257060693891
528.92976588628767,0.69810265662191628,0.21129750031670957,0.090599843061374141,-1.5544881844504062,0.67510564069061563
529.04682274247489,0.69617271565874872,0.21285008942755074,0.090977194913700613,-1.5471671665645323,0.67192616302086561
529.16387959866222,0.69422132500534683,0.21442026847132992,0.091358406523323193,-1.5398173184732589,0.66873416455199841
529.28093645484955,0.69224824226231474,0.21600824380449685,0.0917435139331884,-1.5324387062647067,0.66552967398572027
529.39799331103677,0.69025322305577397,0.21761422363408214,0.092132553310143889,-1.5250314001711602,0.66231272182352463
529.5150501672241,0.68823602107325466,0.21923841799439178,0.092525560932353562,-1.5175954746923623,0.65908334042023897
529.63210702341132,0.68619638810288652,0.22088103872109116,0.092922573176022386,-1.510131008722386,0.65584156403912364
529.74916387959865,0.68413407407588078,0.222542299422757,0.093323626501362222,-1.5026380856792136,0.65258742890814814
529.86622073578599,0.68204882711260706,0.22422241544960292,0.093728757437790008,-1.4951167936378662,0.64932097327780813
529.98327759197321,0.6799403935723044,0.22592160385936783,0.094138002568327772,-1.487567225466589,0.64604223748027001
530.10033444816054,0.67780851810668086,0.22764008338015507,0.094551398513164089,-1.4799894789665085,0.64275126399002336
530.21739130434787,0.67565294371754847,0.22937807437010277,0.094968981912348704,-1.4723836570147206,0.63944809748602327
530.33444816053509,0.67347341181864451,0.23113579877376653,0.095390789407589022,-1.4647498677107564,0.63613278491529957
530.45150501672242,0.6712696623018608,0.23291348007502544,0.095816857623113802,-1.4570882245266539,0.63280537555813221
530.56856187290964,0.66904143360808432,0.2347113432463524,0.096247223145563263,-1.4493988464607068,0.62946592109482347
530.68561872909697,0.66678846280279025,0.23652961469433151,0.096681922502878298,-1.4416818581947584,0.62611447567400991
530.80267558528431,0.66451048565667481,0.23836852220119281,0.097120992142132365,-1.4339373902553674,0.62275109598265577
530.91973244147152,0.66220723673146342,0.24022829486223674,0.097564468406299856,-1.4261655791787131,0.61937584131767021
531.03678929765886,0.65987844947116703,0.24210916301894478,0.098012387509888194,-1.4183665676793971,0.61598877365921723
531.15384615384619,0.65752385629899901,0.24401135818759129,0.098464785513409703,-1.4105405048232058,0.61258995774574543
531.27090301003341,0.65514318872018851,0.24593511298316484,0.098921698296646654,-1.4026875462038852,0.60917946115075994
531.38795986622074,0.65273617743089885,0.24788066103842374,0.099383161530677361,-1.3948078541238995,0.60575735436132538
531.50501672240807,0.6503027935366672,0.24984804252294501,0.099849163940387786,-1.386902375831599,0.60232404876217327
531.62207357859529,0.64784283739532156,0.25183743546347315,0.10031972714120527,-1.3789714970027198,0.59887971185014777
531.73913043478262,0.64535574079917635,0.25384931554323781,0.10079494365758579,-1.3710144338963364,0.5954240032508894
531.85618729096996,0.64284123268765725,0.25588391932774962,0.10127484798459313,-1.363031377463614,0.59195700589343592
531.97324414715717,0.64029904183849529,0.25794148391293503,0.10175947424856974,-1.3550225263240239,0.58847880603712732
532.09030100334451,0.6377288970188203,0.26002224681043251,0.10224885617074719,-1.346988086971546,0.5849894933611598
532.20735785953173,0.63513052714432983,0.26212644582639122,0.10274302702927895,-1.3389282739855035,0.58148916105614945
532.32441471571906,0.63250366144674575,0.26425431893359153,0.10324201961966273,-1.3308433102458022,0.57797790591760922
532.44147157190639,0.62984707501226023,0.26640200620711674,0.10375091878062301,-1.3227488095367641,0.574462508925912
532.55852842809361,0.62715927764683999,0.26856381753540914,0.10427690481775082,-1.3146667115789137,0.57095249838061601
532.67558528428094,0.62444235234655743,0.27074968963451634,0.10480795801892617,-1.3065605394192699,0.56743203254232499
532.79264214046827,0.62169603636279192,0.2729598531064632,0.10534411053074491,-1.2984305528293809,0.56390122422838873
532.90969899665549,0.61892006832409541,0.27519453787326398,0.10588539380264064,-1.2902770209641639,0.56036019033130269
533.02675585284283,0.61611418846009081,0.27745397300385877,0.1064318385360504,-1.2821002226016021,0.5568090519228065
533.14381270903004,0.61327813883595894,0.27973838653250266,0.1069834746315384,-1.2739004463872901,0.55324793436008934
533.26086956521738,0.61041166359776966,0.28204800526838952,0.10754033113384082,-1.2656779910835625,0.54967696739398431
533.37792642140471,0.60751450922908434,0.28438305459615842,0.10810243617475726,-1.2574331658234121,0.54609628527924448
533.49498327759193,0.60458642481917624,0.28674375826698545,0.10866981691383831,-1.2491662903691625,0.54250602688688243
533.61204013377926,0.60162716234321989,0.28913033817997796,0.1092424994768022,-1.2408776953758047,0.5389063358185362
533.72909698996659,0.59863647695489086,0.29154301415348527,0.10982050889162381,-1.2325677226592309,0.53529736052296162
533.84615384615381,0.59561412729167118,0.29398200368607941,0.11040386902224941,-1.2242367254690942,0.53167925441453379
533.96321070234114,0.59255987579331115,0.2964475217068383,0.11099260249985055,-1.2158850687664258,0.5280521759938146
534.08026755852848,0.58947348903383434,0.29893978031459051,0.11158673065157515,-1.2075131295060175,0.5244162889701901
534.19732441471569,0.58635473806744842,0.30145898850580338,0.1121862734267482,-1.1991212969234901,0.52077176238654255
534.31438127090303,0.58320339878874483,0.30400535189082023,0.11279124932043494,-1.190709972826866,0.51711877074587875
534.43143812709036,0.5800192523076938,0.30657907239797849,0.11340167529432771,-1.182279571893027,0.51345749414008046
534.54849498327758,0.57680208533966582,0.30918034796544058,0.11401756669489369,-1.1738305219684328,0.5097881183805042
534.66555183946491,0.57355169061099831,0.31180937222025662,0.11463893716874515,-1.1653632643744896,0.50611083513060118
534.78260869565213,0.57026786728051171,0.31446633414435587,0.11526579857513244,-1.156878254217363,0.50242584204046803
534.89966555183946,0.56695042137723306,0.31715141772720168,0.11589816089556526,-1.1483759607019064,0.49873334288318349
535.01672240802679,0.56359916625491446,0.31986480160460645,0.11653603214047903,-1.1398568674501228,0.49503354769311464
535.13377926421401,0.56021392306355944,0.32260665868356037,0.1171794182528802,-1.1313214728234482,0.49132667290588317
535.25083612040135,0.55679452123841222,0.32537715575259962,0.11782832300898813,-1.1227702902491725,0.48761294150012802
535.36789297658868,0.55334079900682576,0.32817645307742732,0.11848274791574692,-1.1142038485507282,0.48389258314094774
535.4849498327759,0.54985260391325674,0.33100470398150228,0.119142692105241,-1.1056226922815775,0.48016583432490606
535.60200668896323,0.54632979336281984,0.33386205441123801,0.11980815222594215,-1.0970273820626615,0.47643293852658419
535.71906354515045,0.5427722351837494,0.33674864248549818,0.12047912233075248,-1.088418494923254,0.47269414634661172
535.83612040133778,0.53917980820899447,0.33966459802917448,0.12115559376183113,-1.0797966246447686,0.46894971566097982
535.95317725752511,0.53555240287738815,0.34261004209042695,0.12183755503218491,-1.0711623821077163,0.46519991177172365
536.07023411371233,0.53188992185453865,0.34558508644147307,0.12252499170398828,-1.0625163956411139,0.46144500755866807
536.18729096989966,0.52819228067378388,0.34858983306258051,0.12321788626363558,-1.0538593113743633,0.45768528363224681
536.304347826087,0.52445940839745242,0.35162437360903465,0.12391621799351293,-1.045191793591308,0.45392102848726756
536.42140468227421,0.52069124829858915,0.35468878886090899,0.12461996284050186,-1.0365145250860459,0.45015253865743937
536.51656010462739,0.51760208275002961,0.35720191103418258,0.12519600621578786,-1.0294540799543996,0.44708622629698475
536.53119221165082,0.51712498784437122,0.3575901127294821,0.12528489942614668,-1.0283678850317903,0.44661449783582419
536.53846153846155,0.51688775856332969,0.35778314815545664,0.12532909328121364,-1.0278282075201626,0.44638011887051698
536.54582431867425,0.51664734050126482,0.35797878316207754,0.12537387633665772,-1.0272815592480691,0.44614271254240484
536.56045642569757,0.5161691406852168,0.35836792243185756,0.12546293688292562,-1.026195104030172,0.4456708710364371
536.575088532721,0.51569038836475212,0.3587575306356181,0.12555208099962981,-1.025108520809825,0.44519897393971175
536.58972063974443,0.51521108351243305,0.35914760786703315,0.12564130862053383,-1.0240218110235799,0.44472702187611524
536.60435274676786,0.51473122610487376,0.35953815421665347,0.12573061967847274,-1.0229349761127806,0.44425501547161528
536.61898485379129,0.51425081612276391,0.35992916977188438,0.12582001410535174,-1.0218480175235809,0.44378295535426854
536.63361696081461,0.51376985355090843,0.36032065461695323,0.12590949183213834,-1.0207609367069934,0.44331084215424171
536.64824906783804,0.51328833837822385,0.36071260883291234,0.12599905278886378,-1.0196737351188407,0.44283867650379055
536.65551839464888,0.5130489130141459,0.3609075088018795,0.1260435781839746,-1.019133561781254,0.44260408220400538
536.66288117486147,0.51280627059778461,0.36110503249760206,0.12608869690461336,-1.0185864142198149,0.4423664590372855
536.6775132818849,0.51232365020684001,0.36149792568563544,0.12617842410752461,-1.0174989754754777,0.44189419039121208
536.69214538890833,0.51184047720682957,0.36189128846838686,0.12626823432478357,-1.0164114203562518,0.44142187120416665
536.70677749593176,0.51135675160342009,0.36228512091396237,0.12635812748261754,-1.0153237503374573,0.44094950211687256
536.72140960295508,0.51087247340652375,0.36267942308718626,0.12644810350628999,-1.0142359668993093,0.44047708377217915
536.73604170997851,0.51038764263030767,0.36307419504958721,0.12653816232010512,-1.0131480715269117,0.44000461681505876
536.75067381700194,0.50990225929325006,0.36346943685936173,0.12662830384738819,-1.0120600657103163,0.43953210189263275
536.76530592402537,0.50941632341813425,0.36386514857137009,0.12671852801049568,-1.0109719509444899,0.43905953965415689
536.7725752508361,0.50917473582494055,0.36406187707936466,0.12676338709569476,-1.0104314338161187,0.43882479604793112
536.7799380310488,0.50892991393334286,0.36426124105709468,0.12680884500956247,-1.0098839735536476,0.43858703707687857
536.79457013807212,0.50844296258643429,0.36465779156931866,0.12689924584424703,-1.0087959225257668,0.43811450251944078
536.80920224509555,0.50795545910003415,0.36505481181103289,0.12698972908893291,-1.0077077673286374,0.43764192272187319
536.82383435211898,0.50746740351474973,0.36545230182309352,0.12708029466215676,-1.0066195094763291,0.4371692983417278
536.83846645914241,0.50697879587564687,0.36585026164291246,0.12717094248144062,-1.0055311504879081,0.43669663003872677
536.85309856616584,0.50648963623222731,0.36624869130445392,0.12726167246331882,-1.0044426918874041,0.43622391847474773
536.86773067318927,0.50599992463848376,0.36664759083819931,0.12735248452331693,-1.0033541352038604,0.43575116431384581
536.88236278021259,0.50550966115292728,0.36704696027112921,0.12744337857594351,-1.0022654819713421,0.43527836822225696
536.88963210702343,0.50526588985484544,0.36724554434817347,0.12748856579698101,-1.0017245964777917,0.4350434646370665
536.89699488723602,0.50501884583858592,0.36744679962671772,0.12753435453469636,-1.0011767337289046,0.43480553086838447
536.91162699425945,0.50452747876305859,0.36784710892488626,0.12762541231205518,-1.0000878920206773,0.43433265292283524
536.92625910128288,0.50403555999852645,0.36824788818200421,0.12771655181946939,-0.99899895839581609,0.43385973505839914
536.94089120830631,0.50354308962177219,0.36864913741086347,0.12780777296736437,-0.99790993440853015,0.43338677795006059
536.95552331532963,0.50305006771422067,0.36905085662065279,0.12789907566512654,-0.99682082161810504,0.43291378227500871
536.97015542235306,0.50255649436194627,0.36945304581694616,0.12799045982110757,-0.99573162158889039,0.43244074871263194
536.98478752937649,0.50206236965571571,0.36985570500167098,0.12808192534261328,-0.99464233589034201,0.43196767794453622
537.00668896321065,0.50132173049129192,0.37045928613650803,0.12821898337220006,-0.99301172925451942,0.43125951448044364
537.12374581939798,0.49734230190104239,0.37370310521967165,0.12895459287928601,-0.98429363313353946,0.42747329344239993
537.24080267558531,0.49332766780358817,0.37697698916222422,0.12969534303418762,-0.97557113010191732,0.42368515850738203
537.35785953177253,0.48927791231884016,0.38028090962670796,0.13044117805445182,-0.9668450635021939,0.41989547593440185
537.47491638795987,0.48519314083534715,0.38361482166464722,0.13119203750000569,-0.95811629838601242,0.41610462141061466
537.5919732441472,0.48107348089881258,0.38697866298999961,0.13194785611118781,-0.94938572186507764,0.41231298020373858
537.70903010033442,0.47691908312050574,0.3903723532352894,0.13270856364420494,-0.94065424345877469,0.4085209473130238
537.82608695652175,0.47273012210520293,0.3937957931906686,0.13347408470412855,-0.93192279543785705,0.4047289276185142
537.94314381270908,0.468506797398201,0.39724886402621606,0.13424433857558293,-0.92319233316357008,0.40093733602832687
538.0602006688963,0.46424933445077038,0.40073142649792209,0.13501923905130753,-0.91446383542136533,0.39714659762358234
538.17725752508363,0.45995798560342865,0.40424332013777148,0.13579869425879992,-0.90573830474859041,0.39335714780071862
538.29431438127085,0.45563303108628705,0.40778436242850302,0.13658260648520998,-0.89701676775528205,0.38956943241080977
538.41137123745818,0.45127478003556021,0.41135434796368175,0.13737087200075801,-0.8883002754372038,0.38578390789551631
538.52842809364552,0.44688357152536007,0.41495304759372653,0.13816338088091343,-0.87958990348043209,0.38200104141936547
538.64548494983273,0.44245977561362015,0.41858020755878023,0.13896001682759965,-0.87088675255636339,0.37822131099787126
538.76254180602007,0.43800379440098774,0.4222355486092656,0.13976065698974663,-0.86219194860633541,0.37444520562114353
538.8795986622074,0.43351606310141277,0.42591876511511134,0.14056517178347588,-0.85350664311488789,0.37067322537256386
538.99665551839462,0.42899705112291697,0.42962952416477918,0.14137342471230388,-0.84483201337057157,0.36690588154205345
539.11371237458195,0.42444726315697079,0.43336746465531029,0.14218527218771893,-0.83616926271320846,0.36314369673345692
539.23076923076928,0.41986724027485739,0.43713219637463224,0.14300056335051042,-0.82751962076669305,0.35938720496564636
539.3478260869565,0.41525756102902989,0.44092329907765593,0.14381913989331421,-0.81888434365597429,0.35563695176675575
539.46488294314383,0.41061884255750314,0.44474032155769894,0.14464083588479795,-0.81026471420710089,0.35189349426105926
539.58193979933105,0.40595174168914994,0.44858278071488428,0.14546547759596579,-0.80166204212920111,0.34815740124800421
539.69899665551839,0.40125695604746314,0.45245016062341631,0.14629288332912055,-0.79307766417695458,0.34442925327277157
539.81605351170572,0.39653522515042372,0.45634191159957449,0.14712286325000176,-0.7845129442925195,0.34070964268791437
539.93311036789294,0.3917873315036674,0.46025744927267254,0.14795521922366006,-0.7759692737252476,0.33699917370534899
540.05016722408027,0.38701410168419847,0.46419615366110611,0.14878974465469544,-0.76744807112807634,0.33329846243821781
540.1672240802676,0.38221640741163382,0.4681573682558936,0.14962622433247263,-0.75895078262915305,0.32960813693199548
540.28428093645482,0.37739516660370065,0.47214039911433425,0.1504644342819651,-0.75047888187706435,0.32592883718413135
540.40133779264215,0.37255134441272014,0.47614451396633778,0.15130414162094213,-0.74203387005848764,0.32226121515171574
540.51839464882937,0.36768595423943401,0.48016894133637694,0.15214510442418905,-0.73361727588653314,0.31860593474641685
540.6354515050167,0.36280005872044008,0.48421286968400179,0.15298707159555816,-0.72523065555837019,0.31496367181607804
540.75250836120404,0.35789477068536296,0.4882754465660808,0.15382978274855619,-0.71687559268056023,0.31133511411229048
540.86956521739125,0.35297125407961832,0.49235577782403428,0.1546729680963474,-0.70855369816060665,0.30772096124329373
540.98662207357859,0.34803072484839692,0.49645292679963121,0.15551634835197187,-0.70026661006290492,0.30412192461141574
541.10367892976592,0.34307445177760687,0.50056591358277258,0.15635963463962055,-0.69201599342787379,0.30053872733452253
541.22073578595314,0.33810375728696118,0.50469371429514331,0.1572025284178955,-0.68380354005240362,0.2969721041506681
541.33779264214047,0.33312001817040837,0.50883526041366089,0.15804472141593073,-0.67563096822995861,0.29342280130522225
541.4548494983278,0.32812466627913983,0.51298943813759013,0.15888589558327015,-0.66750002244906248,0.28989157641992452
541.57190635451502,0.32311918914179283,0.51715508780365871,0.15972572305454846,-0.65941247304823736,0.28637919834302622
541.68896321070235,0.31810513051682665,0.52133100335337013,0.16056386612980322,-0.65137011582600679,0.28288644697991672
541.80602006688969,0.313084090871597,0.52551593185693357,0.16139997727146949,-0.64337477160436773,0.27941411310354186
541.92307692307691,0.30805772778261781,0.52970857309834685,0.16223369911903524,-0.63542828574415244,0.27596299814392811
542.04013377926424,0.30302775625147937,0.5339075792262068,0.16306466452231383,-0.62753252761083433,0.27253391395618537
542.15719063545146,0.29799620840484814,0.53811133641960329,0.16389245517554851,-0.61968979521266898,0.26912785855261828
542.27424749163879,0.29296570800453137,0.54231773289062191,0.16471655910484662,-0.61190322625866855,0.26574619462293669
542.39130434782612,0.28793709365902775,0.54652615772520341,0.16553674861576878,-0.60417310842095895,0.26238904710155753
542.50836120401334,0.28292068429632922,0.5507258222688578,0.16635349343481304,-0.59651819391131367,0.25906455997057748
542.62541806020067,0.2779156363664671,0.55491822508501842,0.16716613854851448,-0.58893451828078525,0.25577101149169479
542.74247491638801,0.27291842977948488,0.5591078745691811,0.16797369565133402,-0.58141284668245197,0.25250439102185024
542.85953177257522,0.2679311634493402,0.56329310134618105,0.16877573520447875,-0.57395518001216783,0.24926556753907203
542.97658862876256,0.26295599190479957,0.56747218911131214,0.16957181898388829,-0.56656353679866733,0.24605541767925115
543.09364548494977,0.25799512460172003,0.57164337507924368,0.1703615003190363,-0.55923995218185185,0.24287482529241666
543.21070234113711,0.25305082509678173,0.57580485054417485,0.17114432435904336,-0.55198647683090341,0.2397246809728785
543.32775919732444,0.2481254100779158,0.5799547615553049,0.17191982836677921,-0.54480517580206067,0.23660588156316595
543.44481605351166,0.24322124824648306,0.58409120971192152,0.17268754204159537,-0.5376981273353304,0.23351932963144603
543.56187290969899,0.23834075904671309,0.58821225308195046,0.1734469878713365,-0.53066742159000968,0.23046593292236775
543.67892976588632,0.23348641123828351,0.59231590724773853,0.17419768151397796,-0.52371515931877866,0.22744660378122794
543.79598662207354,0.22866072130810861,0.59640014648240158,0.17493913220948981,-0.51684345048058189,0.22446225855155327
543.91304347826087,0.22386625171781557,0.60046290506009714,0.17567084322208726,-0.51005441279214159,0.22151381694603045
544.03010033444821,0.21910560898406817,0.60450207870272676,0.17639231231320507,-0.50335017021901385,0.21860220139118022
544.14715719063543,0.21438144158892514,0.60851552616582028,0.17710303224525459,-0.49673285140624795,0.21572833634580141
544.26421404682276,0.20969643771837898,0.61250107096541073,0.17780249131621023,-0.49020458804982736,0.21289314759369674
544.38127090301009,0.20505332282752683,0.61645650324758305,0.17849017392489014,-0.48376751320974376,0.21009756151105019
544.49832775919731,0.2004548570314621,0.62037958180185493,0.17916556116668303,-0.47742375956587146,0.20734250430896278
544.61538461538464,0.19590383232165834,0.62426803621893678,0.17982813145940485,-0.47117545761819346,0.2046289012518209
544.73244147157186,0.19140306960834375,0.62811956919295309,0.18047736119870317,-0.46502473383304405,0.20195767585221944
544.84949832775919,0.1869554155898977,0.6319318589677001,0.1811127254424022,-0.45897370873714971,0.19932974904321443
544.96655518394653,0.18256373945131144,0.63570256192571761,0.18173369862297095,-0.45302449496182023,0.19674603832892601
545.08361204013374,0.17823092939431939,0.63942931531851066,0.18233975528716995,-0.44717919523956084,0.19420745691447816
545.20066889632108,0.17395988900270204,0.64310974013555922,0.18293037086173869,-0.44143990035570313,0.19171491281640318
545.31772575250841,0.16975353344721081,0.64674144410892742,0.1835050224438618,-0.43580868705811876,0.18926930795484209
545.43478260869563,0.16561478553518738,0.65032202484979862,0.184063189615014,-0.43028761592799053,0.18687153722883204
545.55183946488296,0.16154657161107366,0.65384907311241613,0.1846043552765102,-0.42487872921506709,0.18452248757616957
545.66889632107018,0.15755181731476642,0.65732017618015492,0.18512800650507866,-0.41958404864109905,0.18222303701945491
545.78595317725751,0.15363344320565261,0.66073292136784101,0.18563363542650629,-0.41440557317519794,0.17997405369994268
545.90301003344484,0.14979436026119175,0.66408489963354267,0.18612074010526558,-0.40934527678532096,0.17777639490102418
546.02006688963206,0.14603746525929892,0.66737370929268613,0.18658882544801497,-0.40440510616974623,0.17563090606301948
546.13712374581939,0.14236563605520636,0.67059695982628964,0.187037404118504,-0.39958697847312513,0.17353841979127171
546.25418060200673,0.13878172676931999,0.67375227577040042,0.18746599746027953,-0.39489277899780667,0.17149975486218777
546.37123745819395,0.13528856288438806,0.6768373006879328,0.18787413642767914,-0.3903243588992128,0.16951571522235254
546.48829431438128,0.13188893628099962,0.67984970120034272,0.1882613625186576,-0.3858835328887496,0.16758708899091593
546.60535117056861,0.12858560021671506,0.6827871710747111,0.18862722870857396,-0.38157207693972184,0.16571464746328424
546.72240802675583,0.12538126426522406,0.68564743535333461,0.18897130038144133,-0.37739172600365811,0.16389914411933265
546.83946488294316,0.12227858923073719,0.68842825451365519,0.18929315625560766,-0.37334417174260931,0.16214131363855516
546.95652173913049,0.11928018205362442,0.69112742864574406,0.18959238930063155,-0.36943106028319816,0.16044187092466053
547.07357859531771,0.11638859072362787,0.6937428016342353,0.18986860764213687,-0.36565398999804793,0.15880151014205904
547.19063545150505,0.11360629921760103,0.69627226533106401,0.19012143545133497,-0.3620145093204481,0.15722090376678391
547.30769230769226,0.11093572247914393,0.69871376370493121,0.19035051381592477,-0.35851411459824573,0.15570070165444816
547.4247491638796,0.10837920145764698,0.70106529695338782,0.19055550158896517,-0.35515424799258721,0.15424153012767966
547.54180602006693,0.1059389982247371,0.70332492556279069,0.19073607621247218,-0.35193629542771321,0.15284399108572846
547.65886287625415,0.10361777401815681,0.70549030276962421,0.19089192321221898,-0.34886225297207712,0.15150895141010939
547.77591973244148,0.10141714449946962,0.70756007462124848,0.19102278087928187,-0.34593274194405021,0.1502366809359626
547.8929765886287,0.09933904071798727,0.70953256987413904,0.19112838940787369,-0.34314887804575284,0.14902766420656235
548.01003344481603,0.097385360957354422,0.71140613061579328,0.19120850842685227,-0.34051180182738638,0.14788239655656751
548.12709030100336,0.095557902084045174,0.71317917815850729,0.19126291975744764,-0.33802258837375321,0.1468013448893753
548.24414715719058,0.093858355508253027,0.71485021647493885,0.1912914280168081,-0.3356822456813276,0.14578494697229225
548.36120401337791,0.092288303344686407,0.7164178354805687,0.19129386117474489,-0.33349171312478676,0.14483361077055715
548.47826086956525,0.090849214789244806,0.71788071414966015,0.191270071061095,-0.33145186001788396,0.14394771382233604
548.59531772575247,0.089542442726744637,0.71923762345193909,0.19121993382131619,-0.32956348427317322,0.14312760265664823
548.7123745819398,0.08836922058417318,0.72048742909775532,0.1911433503180715,-0.32782731116492131,0.1423735922561056
548.82943143812713,0.087330659442996061,0.72162909408010223,0.19104024647690176,-0.32624399219935774,0.14168596556626858
548.94648829431435,0.086427745422996097,0.72266168100291095,0.19091057357409297,-0.32481410409571987,0.14106497305311955
549.06354515050168,0.085661337349127051,0.72358435418553657,0.19075430846533636,-0.32353814788169111,0.14051083231021669
549.18060200668901,0.085032164711630442,0.72439638153450692,0.19057145375386264,-0.3224165481061344,0.1400237277167885
549.29765886287623,0.084540825928440533,0.72509713617454419,0.19036203789701528,-0.3214496521716998,0.13960381014788886
549.41471571906357,0.084187786917638424,0.72568609783173477,0.19012611525062673,-0.32063772978972022,0.13925119673766137
549.5317725752509,0.083973379986299432,0.7261628539631042,0.18986376605059641,-0.31998097255899505,0.13896597069640737
549.64882943143812,0.08389780304072926,0.72652710062763215,0.18957509633163855,-0.31947949367010992,0.13874818118217361
549.76588628762545,0.083961119121604519,0.72677864309518214,0.18926023778321327,-0.31913332773613712,0.13859784322722632
549.78051839464888,0.083978797433787861,0.7268021559529827,0.18921904661322941,-0.31910097610103316,0.13858379309062013
549.79515050167231,0.083998644709102427,0.72682390629040494,0.18917744900049266,-0.31907105047161732,0.13857079655489735
549.80978260869563,0.084020660625792415,0.72684389408833694,0.18913544528587067,-0.31904355065642159,0.13855885353690447
549.82441471571906,0.084044844829202395,0.72686211935444911,0.18909303581634851,-0.31901847644479331,0.13854796394515626
549.83904682274249,0.0840711969317844,0.72687858212318091,0.18905022094503476,-0.31899582760691503,0.13853812767984419
549.85367892976592,0.084099716513119704,0.72689328245572471,0.18900700103115564,-0.31897560389382418,0.13852934463284525
549.86831103678935,0.084130403119931391,0.72690622044003073,0.1889633764400378,-0.31895780503740612,0.13852161468771867
549.88294314381267,0.084163256266103909,0.72691739619079565,0.18891934754310047,-0.31894243075040557,0.13851493771971116
549.88294314381278,0.084163256266104061,0.72691739619079621,0.18891934754309969,-0.31894243075040479,0.13851493771971082
549.8975752508361,0.084198275432700725,0.72692680984947089,0.18887491471782836,-0.31892948072641236,0.13850931359575039
549.91220735785953,0.084235460067983742,0.72693446158422004,0.18883007834779619,-0.31891895463991482,0.13850474217446845
549.92683946488296,0.084274809587437854,0.72694035158993675,0.18878483882262542,-0.31891085214627041,0.13850122330618905
549.94147157190639,0.084316323373790192,0.72694448008821544,0.18873919653799437,-0.31890517288173897,0.13849875683294177
549.95610367892982,0.084360000777033609,0.72694684732737036,0.18869315189559605,-0.31890191646344923,0.13849734258844776
549.97073578595314,0.084405841114456689,0.72694745358237056,0.18864670530317279,-0.3189010824894804,0.13849698039815506
549.98536789297657,0.084453843670666329,0.72694629915486841,0.18859985717446526,-0.31890267053881344,0.13849767007921737
550,0.084504007697612876,0.72694338437317096,0.18855260792921608,-0.31890668017136037,0.13849941144050698
550.01463210702343,0.084556332414623403,0.72693870959222229,0.18850495799315431,-0.31891311092797836,0.13850220428262064
550.02926421404686,0.084610817008428887,0.72693227519358561,0.18845690779798552,-0.31892196233048115,0.13850604839788469
550.04389632107018,0.084667460633199201,0.72692408158542199,0.18840845778137882,-0.31893323388165673,0.13851094357036273
550.05852842809361,0.084726262410569048,0.72691412920248388,0.18835960838694704,-0.31894692506526212,0.13851688957585329
550.07316053511704,0.084787221429679399,0.72690241850608017,0.1883103600642404,-0.31896303534605713,0.13852388618190448
550.08779264214047,0.084850336747204769,0.72688894998406051,0.18826071326873467,-0.31898156416980988,0.13853193314781645
550.1024247491639,0.084915607387394482,0.72687372415079887,0.18821066846180667,-0.31900251096330395,0.13854103022464448
550.11705685618722,0.08498303234210719,0.72685674154715452,0.18816022611073824,-0.31902587513437386,0.13855117715521439
550.11705685618733,0.084983032342107384,0.7268567415471554,0.18816022611073724,-0.31902587513437269,0.13855117715521389
550.13168896321065,0.085052610570852713,0.72683800274046906,0.18810938668867833,-0.31905165607189223,0.13856237367411692
550.14632107023408,0.085124341000827178,0.72681750832452319,0.18805815067464959,-0.31907985314580845,0.13857461950772454
550.16095317725751,0.085198222526958134,0.72679525891951813,0.18800651855352363,-0.31911046570715657,0.13858791437419496
550.17558528428094,0.085274254011944023,0.72677125517204422,0.18795449081601173,-0.3191434930880756,0.1386022579834798
550.19021739130437,0.085352434286297157,0.72674549775506536,0.18790206795863751,-0.31917893460181085,0.13861765003732532
550.20484949832769,0.085432762148389518,0.72671798736786952,0.1878492504837409,-0.31921678954275795,0.13863409022929143
550.21948160535112,0.085515236364501826,0.72668872473605095,0.18779603889944713,-0.31925705718646541,0.13865157824475283
550.23411371237455,0.085599855668862662,0.72665771061148332,0.18774243371965404,-0.31929973678964629,0.1386701137609041
550.35117056856188,0.086353870851646655,0.72634664274405092,0.18729948640430238,-0.31972790876513457,0.13885606648716428
550.4682274247491,0.087244340245142354,0.72592399642819627,0.18683166332666135,-0.32030995775295623,0.1391088471507726
550.58528428093643,0.088270397169962794,0.72539033622472915,0.18633926660530797,-0.32104537421720841,0.13942823446309813
550.70234113712377,0.089431047998236812,0.72474633129538901,0.18582262070637423,-0.32193357322093319,0.13981397438924775
550.81939799331099,0.090725174530516761,0.72399275368461313,0.18528207178487011,-0.3229738953694184,0.14026578055773661
550.93645484949832,0.092151536653469146,0.72313047636749306,0.18471798697903774,-0.32416560786668497,0.14078333471931462
551.05351170568565,0.093708775266713729,0.72216047107271897,0.18413075366056725,-0.32550790568171717,0.1413662872534539
551.17056856187287,0.095395415466080269,0.72108380589022625,0.18352077864369343,-0.32699991282064367,0.14201425772084994
551.2876254180602,0.097209869969621096,0.71990164267415413,0.18288848735622482,-0.32864068370068455,0.14272683546011924
551.40468227424753,0.099150442771716696,0.71861523425240703,0.18223432297587633,-0.33042920462149566,0.14350358022679602
551.52173913043475,0.10121533300998152,0.71722592145485997,0.18155874553515844,-0.33236439532918871,0.14434402287257758
551.63879598662209,0.10340263902889311,0.71573512997272726,0.18086223099837972,-0.33444511066823773,0.14524766606273801
551.75585284280942,0.10571036262344657,0.71414436706239526,0.18014527031415811,-0.33667014231589965,0.14621398502937769
551.87290969899664,0.10813641344581362,0.71245521810710155,0.17940836844708485,-0.339038220594094,0.14724242835831244
551.98996655518397,0.11067861355745486,0.71066934305047103,0.17865204339207413,-0.34154801635311655,0.14833241880716011
552.1070234113713,0.11333470210894556,0.70878847271612411,0.17787682517493031,-0.3441981429215305,0.14948335415216751
552.22408026755852,0.11610234012967166,0.70681440502757886,0.17708325484274945,-0.34698715811669029,0.15069460806136972
552.34113712374585,0.11897911540936527,0.70474900114301797,0.1762718834476168,-0.34991356630992987,0.15196553099149013
552.45819397993307,0.1219625474536499,0.70259418151929787,0.17544327102705226,-0.35297582054066756,0.15329545110608439
552.5752508361204,0.12505009249577723,0.70035192191963991,0.17459798558458278,-0.35617232467347471,0.15468367521234347
552.69230769230774,0.12823783661913557,0.69802331296824449,0.17373885041261988,-0.35950277710954898,0.15613007232757178
552.80936454849495,0.13152101873455863,0.69560935909006827,0.17286962217537305,-0.36296704189144691,0.15763458340620182
552.92642140468229,0.13489997282151722,0.69311456653943959,0.17198546063904319,-0.3665599737742955,0.15919497389677723
553.04347826086951,0.13837184825955812,0.69054116817882139,0.1710869835616205,-0.37027968708625908,0.16081042486242508
553.16053511705684,0.14193304489237973,0.68789195147123872,0.17017500363638161,-0.37412350066218508,0.16247977188791454
553.27759197324417,0.14558165801952,0.68516848020055976,0.1692498617799203,-0.37809051446508479,0.16420262409214792
553.39464882943139,0.14931486082738948,0.68237299049276778,0.16831214867984268,-0.3821788637568464,0.16597817162965306
553.51170568561872,0.15312980355138062,0.6795077411589987,0.16736245528962063,-0.38638665302169101,0.16780559128838682
553.62876254180605,0.15702361820826666,0.67657500983960084,0.16640137195213256,-0.39071195822807286,0.16968404747206586
553.74581939799327,0.16099342323456478,0.67357708921608128,0.16542948754935388,-0.39515282907889138,0.17161269317742134
553.86287625418061,0.16503632801978071,0.67051628330027835,0.16444738867994091,-0.3997072912454015,0.17359067096437381
553.97993311036794,0.16914943732428181,0.6673949038094007,0.16345565886631752,-0.40437334858044088,0.17561711391722562
554.09698996655516,0.17332985557255509,0.66421526663491703,0.16245487779252787,-0.40914898530677785,0.17769114659504825
554.21404682274249,0.17757469101338774,0.66097968841246635,0.16144562057414585,-0.41403216817676403,0.17981188596960773
554.33110367892982,0.18188105973924845,0.65769048319957246,0.16042845706117909,-0.41902084859923705,0.18197844234906657
554.44816053511704,0.18624608955842342,0.65434995926672745,0.15940395117484912,-0.42411296473062648,0.18418992028613954
554.56521739130437,0.1906669237138853,0.65096041600721133,0.15837266027890334,-0.42930644352669822,0.18644541946915502
554.68227424749159,0.19514072444394734,0.64752414097010047,0.15733513458595216,-0.43459920275194458,0.18874403559472205
554.79933110367892,0.19966467638073124,0.64404340702008422,0.15629191659918446,-0.43998915294411028,0.19108486122091298
554.91638795986626,0.20423598978289306,0.64052046962743636,0.1552435405896706,-0.44547419933098331,0.19346698659971531
555.03344481605347,0.20885190360029426,0.63695756429044059,0.15419053210926509,-0.45105224369743774,0.19588950048787798
555.15050167224081,0.21350968836876474,0.63335690409220735,0.15313340753902799,-0.45672118620055402,0.19835149093520821
555.26755852842814,0.2182066489339059,0.62972067739311732,0.15207267367297683,-0.46247892713102579,0.20085204604954057
555.38461538461536,0.22294012700367616,0.62605104565955916,0.15100882733676474,-0.4683233686192993,0.2033902547377042
555.50167224080269,0.22770750353004834,0.62235014142908573,0.14994235504086589,-0.47425241628509873,0.20596520742190225
555.61872909698991,0.23250620092061502,0.61862006641168077,0.14887373266770415,-0.48026398082908822,0.20857599673096211
555.73578595317724,0.23733368508182243,0.61486288972613867,0.14780342519203887,-0.48635597956595727,0.21122171816614593
555.85284280936457,0.24218746729574664,0.61108064627038416,0.14673188643386914,-0.49252633789797762,0.2139014707411081
555.96989966555179,0.2470651059330489,0.60727533522389998,0.1456595588430511,-0.49877299072866343,0.2166143575958403
556.08695652173913,0.25196420800516206,0.60344891868015227,0.14458687331468567,-0.50509388381617792,0.21935948658444823
556.20401337792646,0.2568824305590367,0.59960332040660691,0.14351424903435639,-0.51148697506621399,0.22213597083664288
556.32107023411368,0.26181748191837551,0.59574042472945621,0.14244209335216823,-0.51795023576450161,0.22494292929301135
556.43812709030101,0.26676712277549874,0.59186207553996428,0.14137080168453697,-0.52448165174912287,0.22777948721414704
556.55518394648834,0.27172916713810813,0.58797007541923452,0.14030075744265741,-0.53107922452271827,0.23064477666367467
556.67224080267556,0.27670148313592957,0.58406618487762518,0.13923233198644519,-0.53774097230539364,0.2335379369655218
556.78929765886289,0.2816819936919408,0.58015212170517882,0.13816588460288032,-0.54446493102871163,0.23645811513560402
556.90635451505023,0.28666867706334359,0.57622956042913798,0.13710176250751838,-0.55124915527148022,0.2394044662882327
557.02341137123744,0.29165956725756015,0.57230013187442841,0.13604030086801144,-0.55809171913826139,0.24237615401764634
557.14046822742478,0.29665275432865196,0.56836542282293245,0.13498182284841559,-0.56499071708153092,0.24537235075507019
557.25752508361199,0.30164638455948023,0.56442697576733991,0.13392663967317991,-0.57194426466843107,0.2483922381017126
557.37458193979933,0.30663866053533484,0.5604862887551828,0.1328750507094823,-0.5789504992933403,0.25143500713823019
557.49163879598666,0.31162784111432962,0.5565448153187702,0.13182734356690012,-0.5860075808373133,0.25449985871111891
557.60869565217388,0.31661224130033683,0.55260396448651494,0.13078379421314823,-0.59311369227585764,0.25758600369666829
557.72575250836121,0.3215902320238706,0.54866510087138487,0.12974466710474453,-0.60026704023616495,0.26069266324296364
557.84280936454854,0.32656023983638988,0.54472954483205704,0.12871021533155319,-0.60746585550526411,0.26381906899057428
557.95986622073576,0.33152074652351904,0.54079857270244214,0.12768068077403882,-0.61470839349051543,0.26696446327254364
558.07692307692309,0.33647028864251965,0.53687341708530678,0.12665629427217351,-0.62199293463388827,0.27012809929430764
558.19397993311031,0.34140745698919589,0.53295526720581454,0.12563727580498962,-0.62931778478143818,0.27330924129415679
558.31103678929765,0.34633089599952405,0.52904526932074103,0.12462383467973492,-0.63668127550968978,0.27650716468498221
558.42809364548498,0.35123930309081441,0.52514452717949844,0.12361616972968709,-0.64408176441010423,0.27972115617781851
558.5451505016722,0.35613142794755159,0.52125410253280391,0.1226144695196445,-0.65151763533356832,0.28295051388802378
558.66220735785953,0.36100492420503361,0.51737590871247829,0.12161916708248821,-0.6589855725243926,0.28619379780119886
558.77926421404686,0.36585962990145571,0.51351015912206655,0.12063021097647775,-0.66648546573509482,0.28945096003747045
558.89632107023408,0.37069461471472148,0.5096576623163539,0.11964772296892467,-0.67401602901324642,0.29272144211479501
559.01337792642141,0.37550883017808723,0.50581931722543583,0.11867185259647695,-0.68157575404526605,0.29600458898090698
559.13043478260875,0.38030127580412337,0.50199598394664502,0.11770274024923166,-0.68916315942869366,0.29929975727089264
559.24749163879596,0.38507099813293511,0.49818848446250236,0.11674051740456254,-0.69677679070762266,0.30260631532257748
559.3645484949833,0.38981708975480567,0.49439760338203181,0.11578530686316252,-0.70441522037865811,0.30592364317911425
559.48160535117063,0.39453868831086647,0.49062408870250801,0.11483722298662552,-0.71207704786882886,0.30925113257939008
559.59866220735785,0.39923497547522607,0.48686865258880946,0.11389637193596452,-0.71976089948691457,0.31258818693688806
559.71571906354518,0.40390517592184383,0.48313197216764636,0.11296285191050978,-0.72746542834971262,0.31593422130766557
559.8327759197324,0.4085485562790428,0.4794146903342435,0.11203675338671371,-0.73518931428437928,0.31928866234794145
559.94983277591973,0.41316442407480047,0.47571741656892363,0.11111815935627589,-0.74293126370850227,0.32265094826201213
560.06688963210706,0.41775212667529726,0.47204072776147432,0.11020714556322844,-0.75069000948890285,0.32602052874093024
560.18394648829428,0.42231105021942345,0.46838516904105809,0.10930378073951855,-0.75846431078065712,0.32939686489259246
560.30100334448161,0.42684061855167177,0.46475125460963901,0.10840812683868928,-0.76625295284761841,0.33277942916379327
560.41806020066883,0.4313402921554958,0.46113946857717641,0.10752023926732773,-0.77405474686536646,0.33616770525464706
560.53511705685617,0.43580956708940677,0.45755026579664998,0.10664016711394325,-0.78186852970812226,0.33956118802604618
560.6521739130435,0.44024797392761328,0.45398407269741481,0.10576795337497197,-0.78969316372046716,0.34295938340052007
560.76923076923072,0.44465507670707394,0.45044128811527662,0.10490363517764945,-0.79752753647514241,0.34636180825704871
560.88628762541805,0.44903047188261364,0.44692228411789203,0.10404724399949425,-0.80537056051794831,0.34976799032027384
561.00334448160538,0.4533737872915542,0.4434274068242503,0.10319880588419544,-0.81322117310062747,0.35317746804449163
561.1204013377926,0.45768468112935723,0.43995697721693816,0.10235834165370461,-0.82107833590292667,0.3565897904929457
561.23745819397993,0.46196284093750828,0.43651129194613386,0.10152586711635786,-0.82894103474468162,0.36000451721278692
561.35451505016727,0.46620798260474711,0.43309062412436994,0.10070139327088293,-0.83680827928872614,0.36342121810604894
561.47157190635448,0.47041984938276571,0.42969522411106476,0.099884926506169508,-0.84467910273569113,0.36683947329710059
561.58862876254182,0.47459821091728205,0.42632532028605363,0.099076468796664291,-0.85255256151139847,0.37025887299688298
561.70568561872915,0.4787428622952753,0.42298111981139652,0.098276017893328182,-0.8604277349475975,0.37367901736425529
561.82274247491637,0.48285362310919533,0.4196628093807222,0.097483567510082497,-0.86830372495698305,0.37709951636485661
561.9397993311037,0.48693033653873563,0.41637055595560724,0.096699107505657161,-0.87617965570301903,0.38051998962771216
562.05685618729103,0.4909728684507631,0.41310450748842997,0.095922624060806899,-0.88405467326535692,0.38394006629992672
562.17391304347825,0.49498110651786109,0.40986479363124034,0.095154099850898566,-0.89192794530152608,0.38735938489975819
562.29096989966558,0.49895495935590017,0.40665152643031222,0.094393514213787583,-0.8997986607053976,0.39077759316829047
562.4080267558528,0.50289435568095076,0.40346480100599236,0.093640843313056887,-0.90766602926314899,0.39419434792002106
562.52508361204013,0.50679924348584915,0.40030469621761022,0.092896060296540628,-0.9155292813072089,0.39760931489257073
562.64214046822747,0.51066958923651995,0.3971712753132487,0.092159135450231328,-0.92338766736866351,0.40102216859572593
562.75919732441469,0.51450537708835165,0.39406458656414023,0.091430036347508209,-0.9312404578287895,0.40443259216010113
562.87625418060202,0.51830660812253715,0.39098466388365138,0.090708727993811411,-0.93908694256996617,0.40784027718553223
562.99331103678924,0.52207329960253479,0.38793152743073045,0.089995172966734815,-0.94692643062652493,0.41124492358944215
563.11036789297657,0.52580302288998015,0.38490515278980508,0.089291824320214791,-0.95475833143518984,0.41464627489345895
563.2274247491639,0.52949349480139185,0.3819055138345846,0.088600991364023579,-0.96258204695338745,0.41804407137099298
563.34448160535112,0.53314966706417177,0.37893265815645649,0.087917674779371763,-0.97039677265169344,0.42143796361935482
563.46153846153845,0.53677161517040206,0.37598655448527785,0.08724183034432012,-0.97820189557928849,0.42482768543738592
563.57859531772579,0.54035942725377417,0.37306716069695561,0.08657341204927016,-0.98599682005854872,0.42821297812558118
563.695652173913,0.54391320347121197,0.37017442431956404,0.085912372209223958,-0.99378096734608645,0.43159359033888101
563.73713644269083,0.54516449333913963,0.36915564156577568,0.085679865095084684,-0.99653693101003227,0.43279049015045851
563.75176854971426,0.54560482605552518,0.36879709831790058,0.085598075626574233,-0.99750865523222143,0.43321250461808702
563.76640065673769,0.54604462958783895,0.36843897011061649,0.085516400301544615,-0.99848019813629318,0.43363444034025767
563.781032763761,0.54648390417618375,0.36808125680301712,0.08543483902079918,-0.99945155865744217,0.43405629685453129
563.79566487078444,0.54692265006323515,0.36772395825195808,0.085353391684806823,-1.000422735734831,0.4344780737001922
563.81029697780787,0.54736086749421442,0.36736707431209481,0.085272058193690742,-1.0013937283115146,0.43489977041821493
563.81270903010034,0.54743305540359255,0.36730828302437774,0.085258661572029715,-1.0015537752962285,0.43496927794052143
563.8249290848313,0.5477985567168604,0.3670106048358926,0.085190838447247064,-1.0023645353344419,0.43532138655126518
563.83956119185473,0.54823571798143034,0.36665454967364153,0.085109732344928218,-1.0033351557544414,0.4357429216436936
563.85419329887804,0.54867235154068128,0.36629890867345372,0.085028739785865032,-1.0043055885262573,0.43616437524155127
563.86882540590148,0.5491084576498485,0.36594368168129399,0.084947860668857511,-1.0052758326084934,0.43658574689256568
563.88345751292491,0.54954403656662454,0.36558886854099271,0.084867094892382755,-1.0062458869636055,0.43700703614613712
563.89808961994834,0.54997908855114963,0.36523446909425683,0.084786442354593539,-1.0072157505578982,0.43742824255333729
563.91272172697177,0.55041361386598764,0.364880483180681,0.084705902953331441,-1.0081854223615219,0.43784936566690824
563.9273538339952,0.55084761277611949,0.36452691063776077,0.084625476586119686,-1.0091549013484638,0.43827040504125825
563.92976588628767,0.55091910547522671,0.36446866510210096,0.084612229422672353,-1.0093146980268581,0.4383398038569114
563.94198594101852,0.55128108554892241,0.3641737513009119,0.084545163150165692,-1.010124186496522,0.4386913602324507
563.95661804804195,0.55171403245415707,0.36382100500347336,0.084464962542369543,-1.0110932767873246,0.43911223079821232
563.97125015506538,0.55214645376393345,0.36346867157673945,0.084384874659327064,-1.0120621712062681,0.43953301629790631
563.98588226208881,0.55257834975272502,0.3631167508499461,0.084304899397328853,-1.0130308687425811,0.4399537162925603
564.00051436911224,0.55300972069731813,0.36276524265031324,0.084225036652368579,-1.0139993683892352,0.44037433034482748
564.01514647613556,0.5534405668768303,0.36241414680303619,0.0841452863201336,-1.0149676691429956,0.44079485801900836
564.02977858315899,0.55387088857266797,0.36206346313130966,0.084065648296022394,-1.0159357700043796,0.44121529888103322
564.04441069018242,0.55430068606852845,0.36171319145633185,0.08398612247513973,-1.0169036699776739,0.4416356524984692
564.04682274247489,0.55437148639197042,0.36165548992431851,0.08397302368371104,-1.0170632055882718,0.44170493793381893
564.05904279720585,0.55472995965036609,0.36136333159733247,0.08390670875230144,-1.017871368070882,0.4420559184404978
564.07367490422928,0.5551587096063908,0.36101388337157292,0.083827407022036199,-1.0188388632957499,0.44247609627792567
564.08830701125271,0.55558693622704691,0.3606648465943621,0.083748217178590934,-1.0198061546677488,0.44289618558317745
564.10293911827603,0.55601463980499677,0.36031622107907652,0.083669139115926716,-1.0207732412060451,0.44331618593028244
564.11757122529946,0.55644182063511716,0.35996800663715295,0.083590172727729894,-1.0217401219335469,0.44373609689489507
564.13220333232289,0.5568684790144558,0.35962020307813303,0.083511317907411176,-1.0227067958768055,0.44415591805425192
564.14683543934632,0.5572946002274306,0.35927281803771771,0.08343258173485163,-1.0236732402774333,0.4445756395245109
564.16146754636975,0.5577200950112986,0.35892589802255609,0.083354006966145311,-1.0246393239932239,0.44499520435133533
564.16387959866222,0.55779018629215349,0.35886874884670883,0.083341064861137681,-1.0247985594409033,0.44506435942758588
564.17609965339307,0.55814506843387102,0.35857938822158208,0.083275543344546898,-1.0256051979304781,0.44541467807249902
564.1907317604165,0.55856952080089139,0.35823328843661528,0.08319719076249335,-1.0265708611312891,0.44583406027198824
564.20536386743993,0.55899345242021481,0.35788759846762125,0.083118949112163942,-1.0275363126414099,0.44625335053537885
564.28093645484955,0.5611747156162411,0.35610867944853719,0.082716604935221705,-1.0325193153685424,0.44841744112308135
564.39799331103677,0.56452604214539548,0.35337475619783631,0.082099201656768234,-1.0402261528933852,0.45176447813304549
564.5150501672241,0.56784433448109339,0.35066686703421185,0.081488798484694758,-1.0479186029624168,0.45510526675034219
564.63210702341132,0.57112976895445988,0.34798489308132835,0.080885337964211823,-1.0555962108357719,0.45843960948395729
564.74916387959865,0.57438252916984012,0.34532870902439627,0.080288761805763637,-1.0632585357764719,0.46176731492425299
564.86622073578599,0.57760280556455212,0.34269818347469261,0.079699010960755295,-1.07090515074389,0.46508819760984149
564.98327759197321,0.58079079498464437,0.34009317932127159,0.079116025694084074,-1.0785356420913732,0.46840207789626392
565.10033444816054,0.58394670027620843,0.33751355407017514,0.078539745653616516,-1.0861496092680258,0.47170878182647663
565.21739130434787,0.58707072989182163,0.3349591601714797,0.077970109936698673,-1.0937466645245724,0.4750081410031089
565.33444816053509,0.59016309751189544,0.33242984533435804,0.077407057153746461,-1.101326432623676,0.47829999246265592
565.45150501672242,0.59322402168043453,0.32992545283052876,0.076850525489036647,-1.1088885505545245,0.48158417855152502
565.56856187290964,0.59625372545484834,0.32744582178635601,0.076300452758795656,-1.1164326672518077,0.48486054680398932
565.68561872909697,0.59925243606952239,0.32499078746385635,0.075756776466621323,-1.12395844331922,0.48812894982210603
565.80267558528431,0.60222038461265726,0.32256018153096916,0.07521943385637353,-1.1314655507573239,0.49138924515752941
565.91973244147152,0.60515780571612088,0.32015383232128602,0.074688361962593069,-1.1389536726960732,0.49464129519534689
566.03678929765886,0.60806493725786126,0.31777156508362014,0.074163497658518651,-1.146422503131731,0.49788496703982416
566.15384615384619,0.61094202007654741,0.31541320222162972,0.0736447777018229,-1.1538717466684059,0.50112013240215547
566.27090301003341,0.61378929769809853,0.31307856352381919,0.073132138778082278,-1.16130111826409,0.50434666749016988
566.38795986622074,0.61660701607371804,0.3107674663841532,0.072625517542128787,-1.1687103429813299,0.50756445290004837
566.50501672240807,0.61939542332905706,0.3084797260136426,0.072124850657300316,-1.1760991557422666,0.51077337350993957
566.62207357859529,0.62215476952422732,0.30621515564306956,0.071630074832703089,-1.1834673010883681,0.51397331837561244
566.73913043478262,0.62488530642428852,0.3039735667171829,0.071141126858528636,-1.190814532944638,0.51716418062805436
566.85618729096996,0.62758728727981961,0.3017547690806559,0.07065794363952449,-1.1981406143881939,0.52034585737296446
566.97324414715717,0.63026096661735376,0.29955857115598039,0.070180462226665852,-1.205445317421465,0.52351824959225601
567.09030100334451,0.63290660003928534,0.29738478011361968,0.06970861984709506,-1.2127284227497737,0.52668126204746069
567.20735785953173,0.6355244440329102,0.29523320203467573,0.069242353932414041,-1.219989719563241,0.52983480318501119
567.32441471571906,0.63811475578836596,0.29310364206626049,0.068781602145373544,-1.2272290053231802,0.53297878504347362
567.44147157190639,0.64067779302508798,0.29099590456988234,0.068326302405029682,-1.2344460855526953,0.53611312316260507
567.55852842809361,0.64321381382655707,0.28890979326301813,0.067876392910424854,-1.2416407736316726,0.53923773649431994
567.67558528428094,0.64572307648300287,0.2868451113541457,0.067431812162851407,-1.2488128905959694,0.54235254731547877
567.79264214046827,0.64820583934176534,0.28480166167146803,0.066992498986766624,-1.2559622649407332,0.54545748114247039
567.90969899665549,0.65066236066511074,0.28277924678550181,0.066558392549387391,-1.2630887324279669,0.5485524666476389
568.02675585284283,0.65309289849516117,0.28077766912579516,0.066129432379043646,-1.2701921358981214,0.55163743557745948
568.14381270903004,0.6554977105257016,0.27879673109196113,0.06570555838233727,-1.2772723250857356,0.55471232267247139
568.26086956521738,0.65787705398063834,0.27683623515922379,0.065286710860137875,-1.2843291564391064,0.55777706558896212
568.37792642140471,0.66023118549879545,0.27489598397870874,0.064872830522495761,-1.2913624929438094,0.56083160482232342
568.49498327759193,0.66256036102487992,0.27297578047263232,0.064463858502487759,-1.2983722039501577,0.56387588363211694
568.61204013377926,0.66486483570635957,0.27107542792458639,0.064059736369054043,-1.3053581650045107,0.5669098479688135
568.72909698996659,0.66714486379596694,0.26919473006514816,0.063660406138884934,-1.3123202576842068,0.56993344640210442
568.84615384615381,0.66940069855970541,0.26733349115291771,0.063265810287376878,-1.319258369436334,0.57294663005088142
568.96321070234114,0.67163259219009475,0.26549151605120797,0.062875891758697344,-1.3261723934200891,0.57594935251477297
569.08026755852848,0.67384079572442546,0.26366861030054306,0.062490593975031483,-1.3330622283527094,0.57894156980723421
569.19732441471569,0.67602555896786765,0.26186458018712899,0.06210986084500339,-1.3399277783589087,0.58192324029015752
569.31438127090303,0.67818713042123036,0.26007923280742723,0.061733636771342471,-1.3467689528238616,0.58489432461002389
569.43143812709036,0.68032575721314603,0.25831237612903885,0.061361866657815123,-1.3535856662494683,0.58785478563548077
569.54849498327758,0.68244168503654312,0.25656381904798931,0.060994495915467573,-1.3603778381140554,0.59080458839640948
569.66555183946491,0.6845351580892145,0.25483337144260665,0.060631470468178822,-1.3671453927352681,0.59374370002438093
569.78260869565213,0.686606419018297,0.25312084422407677,0.060272736757626261,-1.3738882591362991,0.59667208969455954
569.89966555183946,0.68865498798683711,0.25142663646678065,0.059918375546382185,-1.3806040359056251,0.59958871448717188
570.01672240802679,0.69068181643849069,0.24974998162597162,0.059568201935537746,-1.38729493502316,0.60249453505288864
570.13377926421401,0.6926871635841978,0.24809067645949762,0.059222159956304518,-1.3939609687587671,0.6053895567204437
570.25083612040135,0.69467126520311706,0.2464485365952761,0.058880198201606768,-1.4006020837859896,0.60827375633045122
570.36789297658868,0.696634355300638,0.24482337890142769,0.058542265797934326,-1.4072182308556807,0.61114711249427844
570.4849498327759,0.69857666607323454,0.24321502151970367,0.058208312407061785,-1.4138093646803704,0.614009605543827
570.60200668896323,0.70049842787616634,0.24162328389647286,0.057878288227360797,-1.4203754438214491,0.61686121748253753
570.71906354515045,0.70239986919394615,0.24004798681138373,0.057552143994670138,-1.4269164305790605,0.61970193193757039
570.83612040133778,0.70428121661344878,0.23848895240376744,0.057229830982783766,-1.4334322908848069,0.6225317341132085
570.95317725752511,0.70614269479948988,0.2369460041969576,0.056911301003552503,-1.4399229941968763,0.6253506107453114
571.07023411371233,0.70798452647282883,0.23541896712053095,0.056596506406640157,-1.4463885133979166,0.62815855005696275
571.18729096989966,0.70980693239044279,0.23390766753061359,0.056285400078943545,-1.4528288246953778,0.63095554171518931
571.304347826087,0.71161013132797102,0.23241193322833748,0.055977935443691437,-1.45924390752428,0.63374157678873388
571.42140468227421,0.71339434006424607,0.2309315934765048,0.055674066459249133,-1.4656337444524659,0.63651664770690664
571.53846153846155,0.71515977336778891,0.22946647901456646,0.055373747617644645,-1.4719983210881833,0.63928074821944902
571.65551839464888,0.71690664398518411,0.22801642207199496,0.055076933942820969,-1.4783376259899328,0.64203387335738105
571.7725752508361,0.71863516263124871,0.22658125638010257,0.054783580988648731,-1.4846516505786373,0.64477601939485696
571.88963210702343,0.72034553798090917,0.22516081718238609,0.054493644836704741,-1.4909403890520458,0.64750718381199091
572.00668896321076,0.72203797666267344,0.22375494124350204,0.054207082093824521,-1.4972038383011737,0.65022736525856817
572.12374581939798,0.72371268325365912,0.22236346685688918,0.053923849889451647,-1.5034419978289457,0.65293656351871177
572.24080267558531,0.72536986027608863,0.22098623385111432,0.053643905872797035,-1.5096548696709544,0.6556347794764682
572.35785953177253,0.72700970819512545,0.21962308359505014,0.053367208209824463,-1.5158424583180676,0.65832201508219668
572.47491638795987,0.72863242541808282,0.21827385900186824,0.053093715580048939,-1.5220047706411881,0.66099827331989236
572.5919732441472,0.73023820829482577,0.21693840453197305,0.052823387173201217,-1.5281418158178108,0.66366355817529055
572.70903010033442,0.73182725111937108,0.21561656619489716,0.052556182685731825,-1.5342536052604856,0.66631787460479874
572.82608695652175,0.73339974613261882,0.21430819155019454,0.052292062317186624,-1.5403401525472216,0.6689612285052714
572.94314381270897,0.7349558835260932,0.21301312970744946,0.052030986766457413,-1.5464014733534794,0.67159362668447453
573.0602006688963,0.73649585144673213,0.21173123132535465,0.051772917227913148,-1.5524375853861465,0.67421507683241166
573.17725752508363,0.73801983600257537,0.21046234860999119,0.051517815387433386,-1.5584485083190636,0.67682558749332333
573.29431438127085,0.73952802126935357,0.20920633531231547,0.051265643418330939,-1.5644342637302333,0.67942516803841679
573.41137123745818,0.74102058929792713,0.20796304672487245,0.051016363977200413,-1.570394875040797,0.68201382863936477
573.52842809364552,0.7424977201224805,0.20673233967785029,0.050769940199669267,-1.5763303674553801,0.68459158024239686
573.64548494983273,0.74395959176948279,0.20551407253442366,0.050526335696093508,-1.5822407679042143,0.68715843454316405
573.76254180602007,0.74540421985760963,0.20430803229920208,0.050287747843188221,-1.5881264617336635,0.68971455889546585
573.8795986622074,0.74683307888502548,0.20311410535360502,0.050052815761369496,-1.5939873625188052,0.69225991576543533
573.99665551839462,0.74824725093607214,0.20193218241068359,0.049820566653244275,-1.5998233685912611,0.69479446099905673
574.11371237458195,0.74964690515809507,0.20076212826164427,0.049590966580260659,-1.6056345132272658,0.69731820904801523
574.23076923076928,0.75103220875932386,0.1996038091946441,0.049363982046032054,-1.6114208311453699,0.69983117499038583
574.3478260869565,0.75240332702129897,0.1984570929868345,0.049139579991866508,-1.6171823584576281,0.70233337450943445
574.46488294314383,0.75376042331174897,0.19732184889598919,0.048917727792261848,-1.6229191326220369,0.7048248238729623
574.58193979933117,0.75510365909789057,0.19619794765172965,0.048698393250379723,-1.6286311923962602,0.70730553991320899
574.69899665551839,0.7564331939601201,0.19508526144638982,0.048481544593490009,-1.6343185777925375,0.70977554000726939
574.81605351170572,0.75774918560607818,0.19398366392551955,0.04826715046840227,-1.6399813300338679,0.71223484205806442
574.93311036789294,0.75905178988503597,0.19289303017808082,0.048055179936883213,-1.6456194915112949,0.71468346447579045
575.05016722408027,0.76034116080260605,0.19181323672633629,0.047845602471057708,-1.6512331057423766,0.71712142615988284
575.1672240802676,0.76161745053571706,0.19074416151547205,0.047638387948810895,-1.6568222173307139,0.71954874648143918
575.28428093645482,0.76288080944785885,0.18968568390295587,0.047433506649185275,-1.6623868719266088,0.72196544526613393
575.40133779264215,0.76413138610457731,0.18863768464764988,0.047230929247772863,-1.6679271161888325,0.72437154277761384
575.51839464882937,0.76536919979974205,0.18760014924699531,0.047030650953262657,-1.6734424468506528,0.72676682044991425
575.6354515050167,0.76659423321779596,0.18657309286446699,0.046832673917736989,-1.6789321978340697,0.72915098900903508
575.75250836120404,0.76780692600283296,0.18555616016028967,0.046636913836877375,-1.6843976925639976,0.73152462321111411
575.86956521739125,0.76900741958535468,0.18454923746642243,0.046443342948222888,-1.6898389813682422,0.73388774491323949
575.98662207357859,0.77019585367953847,0.18355221245785414,0.046251933862607411,-1.6952561154052972,0.73624037633326278
576.10367892976592,0.77137236629967987,0.18256497414069672,0.046062659559623464,-1.7006491466318809,0.73858254003570001
576.22073578595314,0.77253709377674284,0.18158741284014698,0.045875493383110116,-1.706018127771427,0.74091425891804752
576.33779264214047,0.77369017077500257,0.18061942018835342,0.045690409036644009,-1.7113631122833755,0.74323555619744508
576.4548494983278,0.77483173030873798,0.17966088911219399,0.04550738057906803,-1.7166841543332865,0.74554645539769659
576.57190635451502,0.77596190375899421,0.17871171382096129,0.045326382420044498,-1.7219813087638369,0.74784698033667396
576.68896321070235,0.77708082089039865,0.17777178979398067,0.045147389315620692,-1.7272546310666077,0.75013715511406465
576.80602006688969,0.77818860986798,0.17684101376818417,0.044970376363835829,-1.732504177354572,0.75241700409942325
576.92307692307691,0.77928539727402435,0.17591928372562532,0.044795319000350386,-1.7377300043354089,0.75468655192058187
577.04013377926424,0.78037130812494082,0.17500649888095149,0.04462219299410769,-1.7429321692855844,0.75694582345239358
577.15719063545146,0.78144646588810651,0.17410255966886756,0.044450974443025926,-1.7481107300250458,0.75919484380574254
577.27424749163879,0.78251099249871836,0.17320736773155804,0.044281639769723602,-1.7532657448927456,0.7614336383169138
577.39130434782612,0.78356500837660326,0.17232082590612291,0.044114165717273793,-1.7583972727227142,0.76366223253720211
577.50836120401334,0.78460863244300383,0.17144283821199072,0.043948529345005455,-1.7635053728209131,0.76588065222285939
577.62541806020067,0.78564198213732916,0.17057330983834446,0.043784708024326394,-1.7685901049426997,0.76808892332530754
577.74247491638801,0.7866651734338439,0.16971214713156912,0.043622679434587017,-1.7736515292708672,0.77028707198160151
577.85953177257522,0.78767832085830958,0.1688592575827009,0.043462421558989467,-1.7786897063944085,0.77247512450520672
577.97658862876256,0.78868153750456216,0.1680145498149217,0.043303912680516074,-1.7837046972877642,0.77465310737698612
578.09364548494977,0.7896749350510115,0.16717793357106861,0.043147131377919895,-1.788696563290757,0.77682104723648637
578.21070234113711,0.79065862377707696,0.16634931970119032,0.042992056521732644,-1.7936653660890414,0.7789789708734467
578.32775919732444,0.79163271257952661,0.16552862015015002,0.042838667270323372,-1.798611167695088,0.78112690521954098
578.44481605351166,0.79259730898873648,0.16471574794526686,0.042686943065996658,-1.8035340304297656,0.78326487734037853
578.56187290969899,0.79355251918485814,0.16391061718401634,0.042536863631125521,-1.8084340169044155,0.78539291442771964
578.67892976588632,0.79449844801388614,0.16311314302178509,0.042388408964328772,-1.8133111900034575,0.7875110437919205
578.79598662207354,0.79543519900361492,0.16232324165969547,0.042241559336689605,-1.8181656128674448,0.78961929285457522
578.91304347826087,0.79636287437950537,0.16154083033248473,0.042096295288009913,-1.8229973488766738,0.79171768914139662
579.03010033444821,0.7972815750804243,0.16076582729645766,0.041952597623117996,-1.8278064616352432,0.79380626027529377
579.14715719063543,0.79819140077428175,0.15999815181751875,0.041810447408199503,-1.832593014955533,0.79588503396963128
579.26421404682276,0.7990924498735521,0.15923772415926613,0.041669825967181842,-1.83735707284322,0.79795403802172149
579.38127090301009,0.79998481955065326,0.15848446557118198,0.041530714878164759,-1.8420986994826238,0.80001330030646001
579.49832775919731,0.8008686057532326,0.15773829827688948,0.041393095969877919,-1.8468179592225737,0.80206284877018841
579.61538461538464,0.80174390321931233,0.15699914546249905,0.041256951318188628,-1.8515149165626605,0.80410271142472312
579.73244147157186,0.80261080549229558,0.15626693126505181,0.041122263242652612,-1.8561896361398258,0.80613291634153106
579.84949832775919,0.80346940493586883,0.15554158076102872,0.040989014303102506,-1.8608421827154935,0.80815349164614148
579.96655518394653,0.80431979274874288,0.15482301995497877,0.040857187296278352,-1.865472621162906,0.81016446551264532
580.08361204013374,0.8051620589792795,0.15411117576821953,0.040726765252500963,-1.8700810164549642,0.81216586615841513
580.20066889632108,0.8059962925399814,0.15340597602763348,0.040597731432385126,-1.8746674336524234,0.81415772183897783
580.31772575250841,0.80682258122183526,0.15270734945457198,0.040470069323592761,-1.8792319378923705,0.81614006084301094
580.43478260869563,0.80764101170851632,0.1520152256538532,0.040343762637630481,-1.8837745943770674,0.81811291148749676
580.55183946488296,0.80845166959046577,0.15132953510284616,0.040218795306688121,-1.8882954683632125,0.8200763021130596
580.66889632107018,0.8092546393788187,0.15065020914067392,0.040095151480507435,-1.8927946251514043,0.82203026107938881
580.78595317725751,0.81005000451918607,0.14997717995750498,0.039972815523308933,-1.8972721300760071,0.8239748167608385
580.90301003344484,0.81083784740531373,0.14931038058394699,0.039851772010739278,-1.901728048495323,0.82590999754215833
581.02006688963206,0.81161824939256866,0.14864974488054977,0.039732005726881556,-1.9061624457820205,0.82783583181433784
581.13712374581939,0.81239129081131978,0.14799520752740547,0.039613501661274753,-1.9105753873139011,0.82975234797059527
581.25418060200673,0.81315700850215433,0.14734673853891794,0.039496252958927738,-1.914966704153217,0.83165947264219897
581.37123745819395,0.81391527859675461,0.1467044385522713,0.039380282850974085,-1.9193353383108678,0.83355674635032084
581.48829431438128,0.81466642701540248,0.14606804261075659,0.039265530373840923,-1.9236827205600173,0.83544479047185061
581.60535117056861,0.81541053006122721,0.14543748861695388,0.039151981321818921,-1.9280089161872438,0.83732363336038906
581.72240802675583,0.81614766307788211,0.14481271524187644,0.039039621680241443,-1.93231399044191,0.83919330335337428
581.83946488294316,0.81687790046204334,0.14419366191520888,0.038928437622747794,-1.9365980085285526,0.84105382876877688
581.95652173913049,0.81760131567574323,0.14358026881565575,0.038818415508601017,-1.9408610355994771,0.84290523790188365
582.07357859531771,0.81831798125858124,0.14297247686139555,0.038709541880023207,-1.9451031367475915,0.84474755902218512
582.19063545150505,0.8190279688397849,0.14237022770063307,0.038601803459582029,-1.9493243769995185,0.84658082037038496
582.30769230769226,0.81973134915012513,0.14177346370226729,0.038495187147607579,-1.9535248213088594,0.84840505015547363
582.4247491638796,0.82042819203369888,0.14118212794665291,0.038389680019648209,-1.9577045345497575,0.85022027655193355
582.54180602006693,0.82111856645957026,0.14059616421647547,0.038285269323954277,-1.9618635815106118,0.85202652769700915
582.65886287625415,0.82180254053325885,0.14001551698773246,0.038181942479008676,-1.9660020268879865,0.85382383168806097
582.77591973244148,0.82248018150811109,0.13944013142080486,0.038079687071084056,-1.9701199352808212,0.85561221658005215
582.8929765886287,0.82315155579651433,0.13886995335165048,0.037978490851835189,-1.9742173711847055,0.85739171038306139
583.01003344481603,0.8238167289809798,0.13830492928308788,0.037878341735932325,-1.9782943989864403,0.85916234105992095
583.12709030100336,0.82447576582509707,0.13774500637618714,0.0377792277987158,-1.9823510829587527,0.86092413652392163
583.24414715719058,0.82512873028433598,0.13719013244176764,0.037681137273896395,-1.9863874872551599,0.86267712463658186
583.36120401337791,0.82577568551673164,0.13664025593198864,0.037584058551279706,-1.9904036759050727,0.86442133320552139
583.47826086956525,0.82641669389342165,0.13609532593204546,0.037487980174532892,-1.9943997128090436,0.86615678998239776
583.59531772575247,0.82705181700905406,0.13555529215197518,0.037392890838970766,-1.9983756617341089,0.86788352266088276
583.7123745819398,0.82768111569207536,0.1350201049185408,0.037298779389383835,-2.0023315863094582,0.86960155887478241
583.82943143812713,0.82830465001486264,0.13448971516724351,0.037205634817893865,-2.0062675500220464,0.87131092619613093
583.94648829431435,0.82892247930375429,0.13396407443440245,0.037113446261843264,-2.0101836162125895,0.87301165213345167
584.06354515050168,0.82953466214893246,0.13344313484935977,0.037022203001707762,-2.0140798480715092,0.87470376412999618
584.18060200668901,0.83014125641418079,0.13292684912676572,0.036931894459053483,-2.0179563086351489,0.87638728956210044
584.29765886287623,0.83074231924652597,0.13241517055897173,0.036842510194502284,-2.0218130607820446,0.8780622557375658
584.41471571906357,0.83133790708574351,0.13190805300850406,0.036754039905752434,-2.0256501672294496,0.8797286898941491
584.5317725752509,0.83192851356929787,0.13140546859319288,0.036666017837509252,-2.0294675558890067,0.8813865607242749
584.64882943143812,0.83251452291500305,0.13090737826930895,0.036578098815687993,-2.0332652419610411,0.88303587482936019
584.76588628762545,0.83309523192746282,0.13041370370030053,0.036491064372236648,-2.0370435452848921,0.88467677111386545
584.88294314381267,0.83367069417215589,0.1299244011338522,0.036404904693991907,-2.040802527420154,0.88630927631278256
585,0.83424096255617286,0.12943942734815891,0.036319610095668226,-2.0445422497534436,0.88793341708598061
585.11705685618733,0.83480608933693456,0.12895873964503207,0.036235171018033363,-2.0482627734955843,0.88954922001698233
585.23411371237455,0.83536612613079453,0.12848229584309867,0.036151578026106801,-2.0519641596788722,0.89115671161177723
585.35117056856188,0.83592112392152662,0.12801005427108403,0.036068821807389351,-2.0556464691544867,0.89275591829769663
585.4682274247491,0.83647113306870224,0.12754197376118481,0.035986893170112944,-2.059309762589975,0.89434686642232164
585.58528428093643,0.83701620331594817,0.1270780136425258,0.035905783041526029,-2.0629541004668659,0.89592958225244634
585.70234113712377,0.83755638379910469,0.12661813373470299,0.035825482466192271,-2.066579543078372,0.89750409197308034
585.81939799331099,0.83809172305425939,0.12616229434141346,0.035745982604327139,-2.0701861505271695,0.89907042168648432
585.93645484949832,0.83862226902569659,0.12571045624415775,0.03566727473014572,-2.073773982723365,0.90062859741128687
586.05351170568565,0.83914806907370831,0.12526258069604573,0.035589350230245897,-2.077343099382384,0.90217864508156775
586.17056856187287,0.83966916998232444,0.1248186294156608,0.03551220060201471,-2.0808935600231404,0.90372059054606291
586.2876254180602,0.84018561796693358,0.12437856458102013,0.035435817452046228,-2.0844254239661684,0.90525445956735306
586.40468227424753,0.84069745868178392,0.12394234882361176,0.035360192494604273,-2.0879387503318663,0.90678027782110082
586.52173913043475,0.84120473722741029,0.12350994522250536,0.035285317550084398,-2.0914335980388676,0.90829807089534376
586.63879598662209,0.84170749815793144,0.12308131729854979,0.035211184543518771,-2.0949100258024229,0.9098078642897911
586.75585284280942,0.84220578548827152,0.12265642900863888,0.035137785503089602,-2.0983680921329309,0.91130968341518614
586.87290969899664,0.84269964270126374,0.1222352447400613,0.035065112558674963,-2.1018078553344872,0.91280355359267595
586.98996655518397,0.84318911275466979,0.12181772930492277,0.034993157940407443,-2.1052293735035317,0.91428950005322362
587.1070234113713,0.84367410516228303,0.12140390729851923,0.034921987539197744,-2.1086322155491466,0.91576733557642254
587.22408026755852,0.84415466135837425,0.12099374438140298,0.034851594260222774,-2.1120164340491003,0.91723708299650741
587.34113712374585,0.84463095859495452,0.12058714588135747,0.034781895523688017,-2.1153825851013042,0.91869898382373227
587.45819397993307,0.84510303776803863,0.12018407827267238,0.034712883959288988,-2.1187307259485766,0.92015306291833765
587.5752508361204,0.84557093928262073,0.1197845084274328,0.034644552289946527,-2.1220609136202904,0.92159934504786511
587.69230769230774,0.84603470305912643,0.11938840361038755,0.034576893330486032,-2.1253732049313601,0.92303785488671886
587.80936454849495,0.84649436853976967,0.11899573147386958,0.034509899986360747,-2.1286676564814329,0.92446861701581307
587.92642140468229,0.84694997469483357,0.11860646005279948,0.034443565252366949,-2.13194432465402,0.92589165592219558
588.04347826086951,0.84740156002885036,0.11822055775975308,0.034377882211396552,-2.1352032656157114,0.9273069959987067
588.16053511705684,0.84784916258670484,0.11783799338008992,0.034312844033205239,-2.1384445353154997,0.92871466154368498
588.27759197324417,0.84829281995965145,0.11745873606715555,0.034248443973193002,-2.1416681894840925,0.93011467676066928
588.39464882943139,0.84873256929124719,0.11708275533754442,0.034184675371208402,-2.1448742836333143,0.93150706575813857
588.51170568561872,0.84916844728320173,0.11671002106642897,0.034121531650369345,-2.1480628730555438,0.93289185254926787
588.62876254180605,0.84960049020114514,0.11634050348295182,0.034059006315903098,-2.1512340128232079,0.93426906105170837
588.74581939799327,0.85002873388032207,0.11597417316568191,0.033997092953996014,-2.1543877577883093,0.93563871508738206
588.86287625418061,0.85045321373119698,0.11561100103812655,0.033935785230676481,-2.1575241625820558,0.93700083838232107
588.97993311036794,0.85087396474498822,0.11525095836432012,0.033875076890691663,-2.1606432816143988,0.93835545456646707
589.09698996655516,0.85129102149912406,0.11489401674444967,0.033814961756426273,-2.1637451690738199,0.93970258717357857
589.21404682274249,0.85170441816261899,0.11454014811056389,0.033755433726817122,-2.1668298789269538,0.94104225964106714
589.33110367892982,0.85211418850138188,0.11418932472232415,0.033696486776293909,-2.1698974649183969,0.94237449530991468
589.44816053511704,0.85252036588344371,0.11384151916282206,0.033638114953734283,-2.1729479805704828,0.94369931742457502
589.56521739130437,0.85292298328411431,0.11349670433444958,0.033580312381436099,-2.1759814791831378,0.94501674913291234
589.68227424749159,0.85332207329107135,0.11315485345483028,0.033523073254098423,-2.1789980138337333,0.9463268134861359
589.79933110367892,0.85371766810936922,0.11281594005280512,0.03346639183782571,-2.1819976373769849,0.94762953343875711
589.91638795986626,0.85410979956639033,0.11247993796446677,0.033410262469142901,-2.1849804024449453,0.94892493184858606
590,0.85438779047741908,0.11224170457276983,0.033370504949811024,-2.1871006564467841,0.94984574646181796
590.03344481605347,0.85449849911671405,0.11214682132925988,0.03335467955402608,-2.1879463614469281,0.95021303147669856
590.15050167224081,0.85488379784693147,0.11181656458612403,0.033299637566944498,-2.1908955665695586,0.95149385498745775
590.26755852842814,0.85526572648037824,0.11148914246969761,0.033245131049924145,-2.1938280697767918,0.95276742494852273
590.38461538461536,0.85564431538181374,0.11116453000656892,0.033191154611617348,-2.1967439228099956,0.95403376383088401
590.50167224080269,0.85601959456203025,0.11084270251157853,0.033137702926391219,-2.1996431771880758,0.95529289400891804
590.61872909698991,0.85639159368239393,0.11052363558417853,0.03308477073342754,-2.2025258842075663,0.95654483776042654
590.73578595317724,0.8567603420593306,0.11020730510483111,0.033032352835838288,-2.2053920949428525,0.95778961726673317
590.85284280936457,0.85712586866873963,0.10989368723146975,0.032980444099790611,-2.2082418602462934,0.95902725461273697
590.96989966555179,0.85748820215035559,0.10958275839599828,0.032929039453646128,-2.2110752307484773,0.96025777178702287
591.08695652173913,0.85784737081204199,0.10927449530083966,0.032878133887118299,-2.2138922568584816,0.96148119068197513
591.20401337792646,0.85820340263402661,0.10896887491554076,0.032827722450432625,-2.2166929887640809,0.9626975330938673
591.32107023411368,0.85855632527308201,0.10866587447341142,0.03277780025350658,-2.2194774764320933,0.9639068207230127
591.43812709030101,0.85890616606664005,0.10836547146821823,0.032728362465141721,-2.2222457696086697,0.96510907517389022
591.55518394648834,0.85925295203685537,0.10806764365092261,0.032679404312222014,-2.2249979178196173,0.96630431795528471
591.67224080267556,0.85959670989461323,0.10777236902645805,0.032630921078928718,-2.2277339703707972,0.96749257048045945
591.78929765886289,0.8599374660434711,0.10747962585056052,0.032582908105968381,-2.2304539763484557,0.96867385406730033
591.90635451505023,0.86027524658356125,0.10718939262663198,0.032535360789806719,-2.2331579846196812,0.9698481899385144
592.02341137123744,0.86061007731542216,0.10690164810266134,0.032488274581916443,-2.2358460438327383,0.97101559922177427
592.14046822742478,0.86094198374378972,0.10661637126816903,0.032441644988041252,-2.2385182024176005,0.97217610294995027
592.25752508361199,0.86127099108133076,0.10633354135121026,0.03239546756745898,-2.2411745085863415,0.9733297220612801
592.37458193979933,0.86159712425232116,0.10605313781541037,0.032349737932268481,-2.2438150103336305,0.97447647739958365
592.49163879598666,0.86192040789627877,0.1057751403570424,0.032304451746678828,-2.2464397554372275,0.97561638971447839
592.60869565217388,0.86224086637154129,0.10549952890214739,0.032259604726311376,-2.2490487914584749,0.97674947966159298
592.72575250836121,0.86255852375879993,0.10522628360368927,0.032215192637510798,-2.2516421657428447,0.9778757678028045
592.84280936454854,0.86287340386457345,0.10495538483875459,0.032171211296671956,-2.2542199254204496,0.97899527460646107
592.95986622073576,0.86318547622081732,0.10468685749713096,0.032127666282051728,-2.2567816943224237,0.98010783670449975
593.07692307692309,0.86349471845481818,0.10442071983458348,0.032084561710598335,-2.259327157376839,0.98121331726292094
593.19397993311031,0.8638012547418461,0.10415686991139926,0.032041875346754636,-2.2618571517472281,0.98231207985722724
593.31103678929765,0.86410510780684524,0.10389528898905023,0.031999603204104519,-2.2643717236849996,0.98340414457415015
593.42809364548498,0.86440630011753761,0.10363595853947914,0.031957741342983251,-2.2668709192291931,0.98448953140819062
593.5451505016722,0.86470485388761742,0.10337886024251676,0.031916285869865821,-2.2693547842071453,0.98556826026190791
593.66220735785953,0.86500079107990913,0.10312397598334248,0.031875232936748446,-2.2718233642350905,0.98664035094618108
593.77926421404686,0.86529413340947159,0.10287128784997315,0.031834578740555258,-2.2742767047188348,0.98770582318050115
593.89632107023408,0.86558490234666763,0.10262077813079462,0.031794319522537751,-2.2767148508543591,0.98876469659323307
594.01337792642141,0.86587311912018594,0.10237242931211696,0.031754451567697094,-2.2791378476285296,0.98981699072192464
594.13043478260875,0.86615880472002615,0.10212622407577063,0.031714971204203218,-2.281545739819745,0.99086272501358741
594.24749163879596,0.86644197990043448,0.10188214529673174,0.031675874802833778,-2.2839385719986272,0.99190191882499645
594.3645484949833,0.86672266518281138,0.10164017604078178,0.03163715877640684,-2.2863163885287046,0.99293459142298746
594.48160535117063,0.8670008808585643,0.10140029956219491,0.031598819579240725,-2.2886792335671409,0.99396076198477279
594.59866220735785,0.86727664699193341,0.1011624993014648,0.031560853706601791,-2.2910271510653972,0.99498044959822962
594.71571906354518,0.86754998342277456,0.100926758883053,0.031523257694172448,-2.2933601847699934,0.99599367326223009
594.8327759197324,0.86782090976929782,0.10069306211317616,0.031486028117526016,-2.2956783782231933,0.99700045188693909
594.94983277591973,0.86808944543077859,0.10046139297761547,0.031449161591605997,-2.2979817747637816,0.99800080429415161
595.06688963210706,0.86835560959022395,0.10023173563956431,0.031412654770211733,-2.3002704175277544,0.99899474921759279
595.18394648829428,0.86861942121700375,0.10000407443749859,0.03137650434549772,-2.3025443494490894,0.99998230530325216
595.30100334448161,0.86888089906945443,0.099778393883075481,0.031340707047470093,-2.3048036132605221,1.0009634911097212
595.41806020066883,0.86914006169742541,0.099554678659070375,0.03130525964350421,-2.3070482514942339,1.0019383251084912
595.53511705685617,0.86939584218962096,0.099332610317916958,0.031271547492462082,-2.3092813598500204,1.0029081517449014
595.6521739130435,0.86964670560893009,0.099111739679927036,0.031241554711142872,-2.3115073816964138,1.0038749007493861
595.76923076923072,0.86989530808086801,0.098892789149745308,0.031211902769386672,-2.3137189535298193,1.0048353741929668
595.88628762541805,0.87014166723264808,0.098675744048328518,0.031182588719023414,-2.3159161170681561,1.0057895901935054
596.00334448160538,0.87038580049663639,0.098460589857880421,0.031153609645483193,-2.3180989138323227,1.0067375667832994
596.1204013377926,0.87062772511268949,0.098247312219939709,0.031124962667370859,-2.3202673851470172,1.0076793219094367
596.23745819397993,0.8708674581304644,0.098035896933493447,0.031096644936042153,-2.3224215721415598,1.0086148734341542
596.35451505016727,0.87110501641168636,0.097826329953122709,0.031068653635190929,-2.3245615157506516,1.009544239135167
596.47157190635448,0.87134041663240414,0.097618597387160916,0.031040985980434956,-2.3266872567152648,1.0104674367060542
596.58862876254182,0.87157367528519214,0.097412685495891063,0.031013639218916797,-2.328798835583386,1.0113844837565826
596.70568561872915,0.87180480868134302,0.097208580689754548,0.030986610628902435,-2.3308962927109005,1.0122953978130909
596.82274247491637,0.87203383295301462,0.09700626952759428,0.030959897519391037,-2.3329796682623654,1.0132001963188242
596.9397993311037,0.87226076405536124,0.096805738714914796,0.030933497229723959,-2.3350490022118597,1.0140988966343047
597.05685618729103,0.87248561776862621,0.09660697510216712,0.030907407129206727,-2.3371043343438198,1.0149915160376934
597.17391304347825,0.87270840970020658,0.096409965683059456,0.030881624616733959,-2.3391457042538479,1.0158780717251419
597.29096989966558,0.87292915528670001,0.096214697592886589,0.030856147120413409,-2.3411731513495635,1.0167585808111619
597.4080267558528,0.87314786979590886,0.096021158106885635,0.030830972097205506,-2.3431867148514147,1.0176330603289778
597.52508361204013,0.87336456832882958,0.095829334638610486,0.030806097032559883,-2.3451864337935264,1.0185015272308942
597.64214046822747,0.87357926582161083,0.095639214738328093,0.030781519440061078,-2.3471723470245482,1.0193639983886658
597.75919732441469,0.87379197704748501,0.095450786091440823,0.030757236861074164,-2.3491444932084544,1.0202204905938428
597.87625418060202,0.87400271661866846,0.095264036516922182,0.030733246864409355,-2.3511029108254258,1.0210710205581555
597.99331103678924,0.87421149898824901,0.095078953965781532,0.030709547045969517,-2.3530476381726486,1.0219156049138607
598.11036789297657,0.87441833845203731,0.094895526519541779,0.030686135028420915,-2.3549787133651905,1.022754260214122
598.2274247491639,0.87462324915039602,0.094713742388744138,0.030663008460859842,-2.3568961743368062,1.0235870029333594
598.34448160535112,0.87482624507004314,0.094533589911468763,0.030640165018488097,-2.3588000588407874,1.0244138494676196
598.46153846153845,0.87502734004584048,0.094355057551873234,0.030617602402286281,-2.3606904044508297,1.0252348161349509
598.57859531772579,0.87522654776254061,0.094178133898757427,0.030595318338701973,-2.3625672485618283,1.0260499191757504
598.695652173913,0.87542388175652719,0.094002807664139432,0.030573310579333331,-2.3644306283907555,1.0268591747531433
598.81270903010034,0.87561935541752478,0.093829067681855421,0.030551576900619791,-2.3662805809774876,1.0276625989533437
598.92976588628767,0.87581295173242324,0.093656978947828304,0.030530069319748457,-2.368116331268761,1.0284598551749959
599.04682274247489,0.87600470164053934,0.093486486542325317,0.030508811817135342,-2.3699383820918998,1.0292511617932323
599.16387959866222,0.87619463126640618,0.093317546708396801,0.030487822025197023,-2.3717471211972221,1.0300366872058766
599.28093645484955,0.87638275342057137,0.093150148763725502,0.030467097815703129,-2.3735425849017249,1.0308164471851997
599.39799331103677,0.87656908077526119,0.092984282140952459,0.030446637083786351,-2.375324809349622,1.0315904574284345
599.5150501672241,0.87675362586596006,0.092819936386380475,0.03042643774765947,-2.3770938305132288,1.032358733558159
599.63210702341132,0.87693640109295767,0.092657101158704749,0.030406497748337577,-2.3788496841937308,1.0331212911226304
599.74916387959865,0.8771174187228975,0.09249576622774823,0.030386815049354268,-2.3805924060220893,1.033878145596179
599.86622073578599,0.87729669089027573,0.092335921473225474,0.030367387636498787,-2.3823220314598088,1.03462931237954
599.98327759197321,0.87747422959894661,0.09217755688351352,0.030348213517539871,-2.3840385957998089,1.035374806800234
600.10033444816054,0.87765004672359215,0.092020662554442939,0.030329290721964906,-2.3857421341672498,1.0361146441129239
600.21739130434787,0.87782415401117664,0.091865228688107287,0.030310617300716082,-2.3874326815203273,1.0368488394997617
600.33444816053509,0.87799656308238638,0.091711245591681229,0.030292191325932388,-2.3891102726511426,1.0375774080707647
600.45150501672242,0.87816728543303957,0.091558703676261483,0.030274010890698949,-2.3907749421864932,1.0383003648641598
600.56856187290964,0.87833633243549347,0.091407593455717237,0.030256074108789291,-2.3924267245887187,1.0390177248467514
600.68561872909697,0.8785037153400167,0.091257905545558932,0.030238379114424362,-2.3940656541565133,1.0397295029142726
600.80267558528431,0.87866944527615198,0.091109630661822233,0.030220924062025777,-2.3956917650257297,1.0404357138917362
600.91973244147152,0.87883353325406388,0.09096275961996117,0.030203707125974956,-2.3973050911702414,1.0411363725338079
601.03678929765886,0.8789959901658605,0.090817283333765902,0.030186726500373608,-2.3989056664026895,1.0418314935251309
601.15384615384619,0.87915682678690454,0.090673192814282072,0.030169980398813377,-2.4004935243753667,1.0425210914807108
601.27090301003341,0.87931605377710242,0.090530479168755659,0.030153467054141916,-2.4020686985809743,1.0432051809462426
601.38795986622074,0.87947368168218187,0.090389133599581756,0.030137184718236364,-2.4036312223534808,1.0438837763984847
601.50501672240807,0.87962972093494762,0.090249147403276692,0.030121131661775678,-2.4051811288688763,1.0445568922455868
601.62207357859529,0.87978418185652141,0.090110511969455354,0.030105306174023246,-2.4067184511460118,1.0452245428274538
601.73913043478262,0.87993707465757265,0.089973218779825323,0.030089706562602028,-2.4082432220473975,1.0458867424160923
601.85618729096996,0.88008840943952127,0.089837259407195225,0.030074331153283507,-2.4097554742799869,1.0465435052159517
601.97324414715717,0.88023819619573518,0.089702625514492276,0.030059178289772545,-2.4112552403959966,1.0471948453642801
602.09030100334451,0.88038644481270623,0.089569308853796104,0.030044246333497678,-2.4127425527936874,1.0478407769314637
602.20735785953173,0.8805331650712146,0.089437301265382782,0.030029533663402622,-2.4142174437181638,1.0484813139213729
602.32441471571906,0.88067836664747268,0.089306594676784257,0.03001503867574306,-2.4156799452621414,1.0491164702716973
602.44147157190639,0.88082205911426481,0.089177181101853131,0.030000759783882065,-2.4171300893667853,1.0497462598543088
602.55852842809361,0.88096425194205552,0.089049052639850398,0.029986695418094025,-2.4185679078224225,1.0503706964755706
602.67558528428094,0.88110495450010173,0.08892220147453106,0.029972844025367269,-2.4199934322694125,1.0509897938767165
602.79264214046827,0.88124417605753469,0.088796619873257682,0.029959204069207636,-2.4214066941988253,1.0516035657341445
602.90969899665549,0.88138192578444108,0.088672300186108527,0.029945774029450402,-2.4228077249533149,1.052212025659796
603.02675585284283,0.88151821275292053,0.088549234845010177,0.029932552402069296,-2.4241965557278364,1.0528151872014682
603.14381270903004,0.88165304593813154,0.088427416362876848,0.029919537698991659,-2.4255732175704137,1.0534130638431463
603.26086956521738,0.88178643421933134,0.088306837332756905,0.029906728447911764,-2.4269377413829476,1.0540056690053552
603.37792642140471,0.88191838638089037,0.088187490426997195,0.029894123192112425,-2.4282901579219414,1.0545930160454751
603.49498327759193,0.88204891111330397,0.088069368396412329,0.029881720490283696,-2.4296304977992924,1.0551751182580835
603.61204013377926,0.88217801701418319,0.087952464069468314,0.029869518916348495,-2.4309587914830337,1.0557519888752793
603.72909698996659,0.8823057125892384,0.087836770351474885,0.029857517059286708,-2.4322750692980963,1.0563236410670125
603.84615384615381,0.88243200625324902,0.087722280223789056,0.02984571352296192,-2.4335793614270562,1.0568900879414098
603.96321070234114,0.88255690633101935,0.087608986743026876,0.029834106925953771,-2.4348716979109026,1.0574513425451064
604.08026755852848,0.88268042105832323,0.087496883040287993,0.029822695901388772,-2.4361521086497695,1.0580074178635659
604.19732441471569,0.88280255858283418,0.087385962320388977,0.029811479096776845,-2.4374206234036793,1.0585583268214018
604.31438127090303,0.88292332696504983,0.087276217861105093,0.029800455173845074,-2.4386772717932947,1.0591040822827045
604.43143812709036,0.8830427341791961,0.087167643012423357,0.029789622808380545,-2.4399220833006563,1.0596446970513613
604.54849498327758,0.88316078811412779,0.08706023119580529,0.029778980690066917,-2.4411550872699048,1.0601801838713707
604.66555183946491,0.88327749657421362,0.08695397590345727,0.029768527522329113,-2.4423763129080287,1.0607105554271667
604.78260869565213,0.88339286728020694,0.086848870697611269,0.029758262022181792,-2.4435857892855921,1.0612358243439348
604.89966555183946,0.88350678516459547,0.08674493546894238,0.029748279366462162,-2.4447832426208627,1.0617558717197795
605.01672240802679,0.88361928183212246,0.086642158652170162,0.029738559515707377,-2.445968761408527,1.0622707359874548
605.13377926421401,0.88373046438348024,0.086540512662243579,0.029729022954276187,-2.4471426202112236,1.0627805363879994
605.25083612040135,0.88384034020480651,0.086439991337714212,0.029719668457479226,-2.4483048475550002,1.0632852853101187
605.36789297658868,0.88394891660291797,0.08634058858366303,0.029710494813419003,-2.4494554718330681,1.0637849950848275
605.4849498327759,0.88405620080612057,0.086242298371031853,0.029701500822847629,-2.450594521306543,1.0642796779857724
605.60200668896323,0.88416219996500622,0.086145114735966533,0.029692685299027244,-2.4517220241051434,1.0647693462295351
605.71906354515045,0.88426692115324323,0.086049031779168006,0.029684047067588752,-2.4528380082278911,1.0652540119759359
605.83612040133778,0.88437037136835017,0.085954043665252347,0.029675584966397481,-2.4539425015437994,1.0657336873283341
605.95317725752511,0.88447255753246845,0.085860144622114651,0.029667297845416898,-2.4550355317926078,1.0662083843339449
606.07023411371233,0.88457348649311951,0.085767328940308557,0.029659184566571933,-2.4561171265854211,1.0666781149841189
606.18729096989966,0.8846731650239531,0.08567559097242472,0.029651244003622186,-2.4571873134054565,1.0671428912146659
606.304347826087,0.88477159982549114,0.08558492513248378,0.029643475042025073,-2.4582461196086984,1.0676027249061388
606.42140468227421,0.88486879752585168,0.085495325895334401,0.029635876578813926,-2.4592935724245919,1.0680576278841354
606.53846153846155,0.88496476468147367,0.085406787796059452,0.029628447522466871,-2.4603296989567158,1.0685076119195904
606.65551839464888,0.8850595077778306,0.085319305429388786,0.02962118679278062,-2.4613545261834693,1.0689526887290737
606.7725752508361,0.8851522981819353,0.085232383717775612,0.029615318100289084,-2.4623738267787738,1.069395365353015
606.88963210702343,0.88524294385378666,0.085145883010621454,0.029611173135591883,-2.463389222888233,1.0698363462802991
607.00668896321076,0.88533238420862537,0.085060418946452429,0.029607196844922148,-2.4643934638636718,1.0702724825944334
607.12374581939798,0.88542062542158551,0.084975986338754084,0.029603388239660411,-2.4653865760680396,1.070703785744701
607.24080267558531,0.88550767360079075,0.084892580057590691,0.029599746341618563,-2.4663685857433491,1.0711302671278635
607.35785953177253,0.88559353478800895,0.084810195029062452,0.029596270182928604,-2.4673395190113325,1.0715519380884451
607.47491638795987,0.88567821495929788,0.084728826234771085,0.029592958805931033,-2.4682994018740785,1.0719688099190092
607.5919732441472,0.88576172002564579,0.084648468711289393,0.029589811263064814,-2.4692482602146999,1.0723808938604489
607.70903010033442,0.8858440558335946,0.084569117549639625,0.029586826616765774,-2.4701861197979671,1.072788201102262
607.82608695652175,0.88592522816586772,0.084490767894777052,0.02958400393935523,-2.4711130062709579,1.0731907427828327
607.94314381270897,0.88600524274198134,0.084413414945082782,0.029581342312935875,-2.4720289451636672,1.0735885299896968
608.0602006688963,0.8860841052188515,0.084337053951857532,0.029578840829290902,-2.4729339618896815,1.0739815737598351
608.17725752508363,0.88616182119139153,0.084261680218827628,0.029576498589780842,-2.4738280817467744,1.0743698850799306
608.29431438127085,0.88623839619310607,0.08418728910165163,0.029574314705242299,-2.474711329917568,1.0747534748866574
608.41137123745818,0.88631383569667221,0.08411387600743972,0.029572288295888059,-2.4755837314701119,1.0751323540669311
608.52842809364552,0.88638814511451947,0.084041436394269239,0.029570418491211295,-2.4764453113585727,1.0755065334582083
608.64548494983273,0.88646132979939618,0.083969965770718968,0.029568704429884858,-2.4772960944237741,1.0758760238487222
608.76254180602007,0.886533395044934,0.083899459695396472,0.029567145259669532,-2.4781361053938786,1.0762408359777766
608.8795986622074,0.88660434608620287,0.083829913776482551,0.029565740137314576,-2.4789653688849391,1.0766009805359882
608.99665551839462,0.88667418810025944,0.083761323671270149,0.029564488228470416,-2.4797839094015752,1.0769564681655774
609.11371237458195,0.88674292620669226,0.083693685085719671,0.029563388707588067,-2.4805917513375197,1.077307309460608
609.23076923076928,0.88681056546814896,0.083626993774012157,0.029562440757838884,-2.4813889189762568,1.0776535149672635
609.3478260869565,0.88687711089087462,0.083561245538112769,0.029561643571012666,-2.4821754364915951,1.0779950951840951
609.46488294314383,0.88694256742522626,0.083496436227335505,0.029560996347438237,-2.4829513279482902,1.0783320605622937
609.58193979933117,0.88700693996619329,0.083432561737916411,0.029560498295890247,-2.4837166173026279,1.078664421505942
609.69899665551839,0.88707023335390278,0.083369618012591851,0.029560148633505368,-2.4844713284030031,1.078992188372266
609.81605351170572,0.88713245237412475,0.083307601040180701,0.029559946585694559,-2.4852154849905141,1.0793153714718939
609.93311036789294,0.88719360175876993,0.083246506855171348,0.029559891386058711,-2.4859491106995582,1.0796339810691142
610,0.88722806582241043,0.083212008694499226,0.029559925483090346,-2.486363606299884,1.0798139942211089
610.05016722408027,0.88725368618637723,0.083186331537316471,0.029559982276306303,-2.4866722290583896,1.0799480273821176
610.16722408026749,0.88731271028260073,0.083127071211229697,0.029560218506169578,-2.4873848634897144,1.0802575205832563
610.28428093645482,0.88737067862068719,0.083068722045987531,0.029560599333325333,-2.4880870373112778,1.080562470799298
610.40133779264215,0.88742759572194796,0.083011280254741804,0.029561124023310237,-2.4887787737363798,1.0808628881116513
610.51839464882937,0.88748346605622697,0.08295474209432678,0.029561791849446198,-2.4894600958745121,1.0811587825566407
610.6354515050167,0.88753829404236406,0.082899103864879323,0.029562602092756615,-2.4901310267318921,1.0814501641257395
610.75250836120404,0.88759208404864409,0.082844361909462816,0.029563554041893092,-2.4907915892120029,1.081737042765804
610.86956521739125,0.88764484039325242,0.082790512613690415,0.029564646993057164,-2.4914418061161983,1.0820194283793363
610.98662207357859,0.88769656467538383,0.082737607132237101,0.029565828192379066,-2.4920810386929473,1.0822970435600712
611.10367892976592,0.88774726367922185,0.082685593964054199,0.029567142356723995,-2.4927098884498409,1.0825701495394362
611.22073578595314,0.88779694193360126,0.082634462507465867,0.029568595558932875,-2.4933284638279289,1.082838793412781
611.33779264214047,0.88784560355814091,0.08258420931808344,0.029570187123775654,-2.4939367872138622,1.0831029849025047
611.4548494983278,0.88789325262455487,0.082534830992237879,0.029571916383207247,-2.4945348808949386,1.0833627336878573
611.57190635451502,0.88793989315707544,0.082486324166630876,0.029573782676293674,-2.4951227670596832,1.083618049405193
611.68896321070235,0.88798552913285944,0.082438685517995186,0.029575785349145366,-2.4957004677983607,1.0838689416481921
611.80602006688969,0.88803016448239958,0.082391911762755593,0.029577923754844825,-2.4962680051035298,1.0841154199681013
611.92307692307691,0.88807380308992201,0.082345999656696756,0.029580197253381298,-2.4968254008705633,1.0843574938739602
612.04013377926424,0.88811644879378993,0.082300945994633529,0.029582605211576546,-2.497372676898181,1.0845951728328325
612.15719063545157,0.88815810538688922,0.08225674761008607,0.029585147003024712,-2.4979098548889764,1.0848284662700349
612.27424749163879,0.88819877661701985,0.082213401374959069,0.029587822008021084,-2.4984369564499356,1.085057383569362
612.39130434782612,0.88823846618727686,0.082170904199222863,0.029590629613500272,-2.4989540030929778,1.0852819340733217
612.50836120401334,0.88827717775642978,0.082129253030602895,0.029593569212967324,-2.4994610162354416,1.0855021270833463
612.62541806020067,0.88831491493929371,0.082088444854267972,0.029596640206438318,-2.4999580172006306,1.0857179718600285
612.74247491638789,0.88835168130709985,0.082048476692526573,0.029599842000373584,-2.5004450272183001,1.0859294776233339
612.85953177257522,0.88838748038785986,0.082009345604522388,0.029603174007617743,-2.5009220674252024,1.0861366535528376
612.97658862876256,0.88842231566672414,0.081971048685940059,0.029606635647335802,-2.5013891588655457,1.0863395087879228
613.09364548494977,0.88845619058633774,0.081933583068707988,0.029610226344954277,-2.5018463224915339,1.0865380524280166
613.21070234113711,0.88848910854719287,0.081896945920707634,0.029613945532099492,-2.5022935791638656,1.0867322935328045
613.32775919732444,0.88852107290797144,0.081861134445488676,0.029617792646539888,-2.5027309496522077,1.0869222411224388
613.44481605351166,0.88855208698589427,0.081826145881982393,0.029621767132123326,-2.5031584546357242,1.0871079041777663
613.56187290969899,0.88858215405705077,0.081791977504223221,0.029625868438726013,-2.5035761147035545,1.0872892916405363
613.67892976588632,0.88861127735674017,0.081758626621072888,0.029630096022186948,-2.5039839503552903,1.0874664124136086
613.79598662207354,0.8886394600797991,0.081726090575945418,0.029634449344255478,-2.5043819820014876,1.087639275361175
613.91304347826087,0.88866670538092374,0.08169436674653896,0.029638927872537302,-2.5047702299641323,1.0878078893089618
614.03010033444821,0.88869301637499953,0.081663452544566667,0.029643531080433799,-2.505148714477154,1.0879722630444528
614.14715719063543,0.88871839613741022,0.081633345415498132,0.029648258447091652,-2.5055174556868502,1.0881324053170742
614.26421404682276,0.88874284770436007,0.081604042838294866,0.029653109457345055,-2.5058764736524215,1.0882883248384261
614.38127090301009,0.88876637407317682,0.08157554232515582,0.029658083601667357,-2.5062257883464172,1.0884400302824759
614.49832775919731,0.88878897820262248,0.081547841421263867,0.029663180376113651,-2.5065654196552094,1.0885875302857662
614.61538461538464,0.88881066301319611,0.081520937704535223,0.029668399282268665,-2.5068953873794664,1.0887308334476171
614.73244147157197,0.88883143138742871,0.081494828785371454,0.029673739827199848,-2.5072157112346272,1.0888699483303352
614.84949832775919,0.8888512861701825,0.081469512306417691,0.029679201523399819,-2.5075264108513386,1.0890048834594026
614.96655518394653,0.88887023016894018,0.081444985942318318,0.029684783888741503,-2.5078275057759565,1.0891356473236933
615.08361204013374,0.88888826615409389,0.081421247399481395,0.029690486446424719,-2.5081190154709736,1.0892622483756604
615.20066889632108,0.88890539685922931,0.081398294415841455,0.029696308724929232,-2.508400959315503,1.0893846950315462
615.3177257525083,0.88892162498140426,0.081376124760630011,0.029702250257965732,-2.5086733566057,1.0895029956715641
615.43478260869563,0.88893695318143051,0.081354736234144173,0.029708310584425315,-2.5089362265552384,1.0896171586401069
615.55183946488296,0.88895138408414454,0.081334126667520587,0.029714489248334877,-2.5091895882957562,1.0897271922459391
615.66889632107018,0.88896492027867868,0.081314293922511965,0.029720785798809359,-2.5094334608773035,1.0898331047623926
615.78595317725751,0.88897756431872765,0.081295235891266998,0.029727199790005349,-2.509667863268775,1.0899349044275535
615.90301003344484,0.88898931872281517,0.081276950496111264,0.029733730781073567,-2.5098928143583703,1.0900325994444628
616.02006688963206,0.88900018597454911,0.081259435689333054,0.02974037833611784,-2.5101083329540157,1.0901261979812993
616.13712374581939,0.88901016852288905,0.081242689452969419,0.029747142024141478,-2.5103144377838236,1.0902157081715784
616.25418060200673,0.88901926878238591,0.081226709798597918,0.029754021419016237,-2.5105111474965036,1.0903011381143322
616.37123745819395,0.88902748913344598,0.081211494767128939,0.029761016099425081,-2.5106984806618033,1.0903824958742994
616.48829431438128,0.88903483192257338,0.081197042428599139,0.029768125648827429,-2.5108764557709633,1.0904597894821235
616.60535117056861,0.88904129946261323,0.081183350881973176,0.029775349655413591,-2.5110450912370963,1.0905330269345184
616.72240802675583,0.88904689403299697,0.081170418254940979,0.02978268771206205,-2.5112044053956564,1.09060221619447
616.83946488294316,0.88905161787997922,0.08115824270372099,0.029790139416299745,-2.5113544165048585,1.0906673651914207
616.95652173913049,0.88905547321687406,0.081146822412869135,0.029797704370256806,-2.5114951427460572,1.0907284818214322
617.07357859531771,0.88905841380517803,0.081136195329647082,0.029805390865174884,-2.5116261124973605,1.0907853612617195
617.19063545150505,0.88906047030331004,0.081126336301110144,0.029813193395579821,-2.5117476319689227,1.0908381364976629
617.30769230769238,0.8890616650935157,0.081117226964841999,0.029821107941642305,-2.5118599240820192,1.0908869043427418
617.4247491638796,0.88906200025673421,0.081108865619227588,0.029829134124038155,-2.511963006705642,1.0909316725573615
617.54180602006693,0.88906147784212908,0.08110125059002532,0.029837271567845602,-2.5120568976340971,1.0909724488694903
617.65886287625415,0.88906009986730505,0.081094380230190999,0.029845519902503954,-2.5121416145873678,1.0910092409748193
617.77591973244148,0.88905786831852307,0.081088252919696902,0.029853878761780028,-2.5122171752115605,1.0910420565369554
617.8929765886287,0.88905478515091829,0.081082867065359415,0.029862347783722237,-2.5122835970792758,1.0910709031875818
618.01003344481603,0.88905085228870573,0.081078221100662609,0.029870926610631662,-2.512340897690053,1.0910957885266521
618.12709030100336,0.88904607162538785,0.081074313485592547,0.029879614889019607,-2.5123890944707048,1.0911167201225347
618.24414715719058,0.88904268159519217,0.08107073601304729,0.029886582391760536,-2.5124332212887226,1.0911358841561036
618.36120401337791,0.889039090401614,0.081067775862955604,0.029893133735430392,-2.5124697351318281,1.0911517419166776
618.47826086956525,0.88903466499413031,0.081065546876487107,0.029899788129382585,-2.5124972308548661,1.0911636831574689
618.59531772575247,0.88902940717534096,0.0810640476135365,0.029906545211122536,-2.5125157254789396,1.0911717152706488
618.7123745819398,0.88902331871829798,0.081063276659519151,0.029913404622182872,-2.5125252359549908,1.0911758456179181
618.82943143812713,0.88901640136669602,0.08106323262521517,0.029920366008088804,-2.5125257791641693,1.091176081530667
618.94648829431435,0.88900865683506303,0.081063914146614569,0.029927429018322411,-2.5125173719182152,1.0911724303101411
619.06354515050168,0.8890000868089466,0.081065319884763995,0.029934593306289406,-2.5125000309598389,1.0911648992276073
619.18060200668901,0.88899069294509847,0.081067448525615676,0.029941858529285846,-2.5124737729631033,1.0911534955245192
619.29765886287623,0.88898047687165838,0.081070298779880534,0.029949224348461083,-2.5124386145337736,1.091138226412669
619.41471571906357,0.88896944018833268,0.081073869382879998,0.029956690428787319,-2.512394572209705,1.0911190990743558
619.5317725752509,0.88895758446657225,0.081078159094400998,0.029964256439026705,-2.5123416624612145,1.0910961206625474
619.64882943143812,0.88894491124975039,0.08108316669855356,0.029971922051696048,-2.5122799016914419,1.091069298301037
619.76588628762545,0.88893142205333309,0.081088891003630661,0.029979686943036252,-2.5122093062367057,1.0910386390845976
619.88294314381267,0.88891711836504961,0.081095330841967794,0.029987550792982605,-2.5121298923668824,1.091004150079147
620,0.88890200164506472,0.081102485069806232,0.029995513285129047,-2.5120416762857611,1.0909658383219007
